test_id	feature_type	primer	n_features	fitted_delta	observed_delta
ENSMUSG00000000631.21:B1	exon	random hexamer	6	0.375178651814071	0.07690529106961956
ENSMUSG00000000631.21:B1	junction	poly(dT)	2	0.1888221269643754	0.008771929824561394
ENSMUSG00000000631.21:B1	junction	random hexamer	1	0.18324951315325136	0.0
ENSMUSG00000000631.21:B2	exon	random hexamer	2	0.08546609293898424	0.0671172833529439
ENSMUSG00000000631.21:B5	exon	random hexamer	5	0.2783226879712218	0.020563261336673366
ENSMUSG00000000826.17:B1	exon	random hexamer	2	0.06038434448989444	0.002176619919924496
ENSMUSG00000001248.16:B1	exon	random hexamer	1	0.07834265501579968	-0.0665018083206391
ENSMUSG00000001419.18:B3	exon	random hexamer	1	0.31344162112358487	-0.14937309742721622
ENSMUSG00000001419.18:B3	junction	random hexamer	2	0.39466626984481396	0.011876006441223814
ENSMUSG00000001472.18:B1	exon	random hexamer	2	0.12809077279621245	0.10984724924092983
ENSMUSG00000001472.18:B1	junction	poly(dT)	2	0.07790803947590763	0.0014488397861938266
ENSMUSG00000001472.18:B1	junction	random hexamer	3	0.13644148898645986	0.062094630515683154
ENSMUSG00000001911.17:B1	exon	random hexamer	3	0.11736821640067131	0.03624884886843365
ENSMUSG00000001911.17:B4	exon	poly(dT)	1	0.10029042064587342	-0.005576997621428801
ENSMUSG00000001911.17:B4	exon	random hexamer	1	0.08957056698569188	0.24607590834947088
ENSMUSG00000001911.17:B4	junction	poly(dT)	3	0.0795530470221803	0.003277927735429075
ENSMUSG00000001911.17:B4	junction	random hexamer	3	0.056073398360479774	-0.10352907908632326
ENSMUSG00000001986.17:B1	exon	random hexamer	2	0.08527572197374508	-0.008078160098257403
ENSMUSG00000002107.19:B1	exon	poly(dT)	2	0.05704449812441795	0.04661477492717187
ENSMUSG00000002107.19:B1	exon	random hexamer	3	0.0733738652019398	-0.09398767017392745
ENSMUSG00000002107.19:B1	junction	random hexamer	2	0.06140974114939916	-0.012363987657605182
ENSMUSG00000002265.18:B1	exon	poly(dT)	1	0.09714446139733253	0.10392673361969947
ENSMUSG00000002265.18:B1	exon	random hexamer	1	0.05446521738226814	0.10605601475275818
ENSMUSG00000002265.18:B1	junction	poly(dT)	2	0.09555838955528972	0.1047008547008547
ENSMUSG00000002265.18:B1	junction	random hexamer	2	0.0981346973947031	0.04431354277089037
ENSMUSG00000002985.17:B1	exon	poly(dT)	2	0.07159330106053735	0.058910130681268075
ENSMUSG00000002985.17:B1	exon	random hexamer	1	0.06449819044014873	0.058537659974943056
ENSMUSG00000002985.17:B1	junction	random hexamer	1	0.07383371740011395	0.0
ENSMUSG00000002985.17:B2	exon	poly(dT)	2	0.05425642070353673	-0.00357270980140935
ENSMUSG00000002985.17:B2	junction	random hexamer	1	0.05664837511023657	0.0
ENSMUSG00000003279.18:B1	exon	poly(dT)	8	0.18888494880699583	0.08961119144817739
ENSMUSG00000003279.18:B1	exon	random hexamer	8	0.29851684106535226	0.24787839167339065
ENSMUSG00000003279.18:B1	junction	poly(dT)	3	0.15941570031524685	0.22041446208112872
ENSMUSG00000003279.18:B1	junction	random hexamer	5	0.21331730108631622	0.014051362684963108
ENSMUSG00000003847.17:B1	exon	poly(dT)	5	0.12376021359776776	-0.00785835098289942
ENSMUSG00000003847.17:B1	exon	random hexamer	5	0.15557855402528648	0.018071080014429787
ENSMUSG00000003847.17:B2	exon	poly(dT)	6	0.09262637268981866	0.04331756496340424
ENSMUSG00000003847.17:B2	exon	random hexamer	6	0.08923900866936928	0.06275397369012836
ENSMUSG00000004110.18:B1	exon	random hexamer	1	0.11280778794708865	0.06479618704211626
ENSMUSG00000004113.19:B2	exon	random hexamer	2	0.060827358021558156	0.15225374203519818
ENSMUSG00000004113.19:B8	exon	random hexamer	2	0.05942942281362697	0.09065026594869388
ENSMUSG00000004207.15:B1	exon	poly(dT)	1	0.05316313209067147	-0.1433155080213904
ENSMUSG00000004207.15:B1	exon	random hexamer	1	0.06264824819184403	0.0
ENSMUSG00000004207.15:B2	exon	random hexamer	2	0.05266976017875192	0.20515287923397435
ENSMUSG00000004207.15:B2	junction	random hexamer	2	0.06878606861849469	0.007348384698008758
ENSMUSG00000004267.17:B1	exon	random hexamer	1	0.11575902433611825	-0.17254243923962634
ENSMUSG00000004933.18:B1	exon	random hexamer	4	0.13615733446938835	0.01828616471423053
ENSMUSG00000004933.18:B1	junction	random hexamer	4	0.1522523523797191	0.008871957069706084
ENSMUSG00000004933.18:B3	exon	poly(dT)	2	0.16631448855316017	0.02534197844156881
ENSMUSG00000004933.18:B3	exon	random hexamer	2	0.12467910506116257	-0.07867756315007428
ENSMUSG00000005045.17:B1	exon	poly(dT)	1	0.10507259978699679	-0.02631986711812516
ENSMUSG00000005045.17:B1	exon	random hexamer	1	0.13644071027191498	0.10912830417691616
ENSMUSG00000005417.18:B1	exon	random hexamer	1	0.12082654013456243	0.0
ENSMUSG00000005417.18:B2	exon	random hexamer	1	0.1291177196330345	-0.006640071682791214
ENSMUSG00000005417.18:B3	exon	random hexamer	1	0.10687823382445825	-0.3022192123703316
ENSMUSG00000005506.17:B1	exon	random hexamer	2	0.28887838089913237	-0.0723190411139137
ENSMUSG00000005506.17:B3	exon	random hexamer	1	0.06958049651952716	-0.1481176989586986
ENSMUSG00000005583.17:B2	exon	poly(dT)	3	0.06254143687670331	0.1695416760322296
ENSMUSG00000005583.17:B2	exon	random hexamer	3	0.11537032876184883	-0.07866119131838024
ENSMUSG00000005583.17:B2	junction	poly(dT)	2	0.08242635999680015	-0.009037148092620378
ENSMUSG00000005583.17:B2	junction	random hexamer	4	0.13653650711472853	0.005518492509363286
ENSMUSG00000005583.17:B3	exon	random hexamer	1	0.13412954324680018	-0.2301705766799886
ENSMUSG00000006005.19:B1	exon	random hexamer	2	0.07315501303541794	0.16430242246253188
ENSMUSG00000006575.15:B1	exon	random hexamer	1	0.1287252396058827	0.21751553890479483
ENSMUSG00000006800.15:B1	exon	random hexamer	3	0.08600659734106347	-0.0025794641644827734
ENSMUSG00000006930.16:B1	exon	poly(dT)	1	0.3567291749117209	-0.009207482318725625
ENSMUSG00000006930.16:B1	exon	random hexamer	1	0.3039030456510031	-0.13605708708084555
ENSMUSG00000008658.17:B1	exon	poly(dT)	6	0.14060465668909747	0.13293210349346443
ENSMUSG00000008658.17:B1	exon	random hexamer	6	0.07708525300945472	0.17816446468937283
ENSMUSG00000008658.17:B1	junction	random hexamer	4	0.1143126282949718	-0.026279432713256234
ENSMUSG00000008658.17:B3	exon	random hexamer	2	0.10333141842258137	0.17860922545577512
ENSMUSG00000008658.17:B4	exon	poly(dT)	2	0.07760950696494337	0.020341218833772455
ENSMUSG00000009079.17:B1	exon	random hexamer	2	0.07652305126764541	-0.05607414324857686
ENSMUSG00000009394.14:B1	exon	random hexamer	1	0.2214254824147831	0.0
ENSMUSG00000011751.17:B1	junction	poly(dT)	1	0.05468839047024243	0.0
ENSMUSG00000011751.17:B1	junction	random hexamer	2	0.06780754419902778	0.0
ENSMUSG00000013033.17:B1	exon	random hexamer	2	0.05249440801116624	0.1915389165944037
ENSMUSG00000013033.17:B1	junction	random hexamer	2	0.08051170640035471	-0.17693833943833945
ENSMUSG00000013033.17:B2	exon	random hexamer	1	0.053322665934504354	-0.23937335436329846
ENSMUSG00000013236.18:B1	exon	poly(dT)	2	0.15807194457943413	-0.07826864582039068
ENSMUSG00000013236.18:B1	exon	random hexamer	2	0.1896783261883672	0.16112015839805874
ENSMUSG00000013236.18:B1	junction	random hexamer	2	0.1877537541805409	-0.019230769230769208
ENSMUSG00000014602.16:B1	exon	poly(dT)	3	0.09661895085154737	-0.018372703412073494
ENSMUSG00000014602.16:B1	exon	random hexamer	3	0.1377641719779968	0.0
ENSMUSG00000014602.16:B1	junction	poly(dT)	1	0.10104463723308435	0.060416666666666646
ENSMUSG00000014602.16:B1	junction	random hexamer	1	0.12934742329987736	0.020903010033444785
ENSMUSG00000014602.16:B2	exon	poly(dT)	1	0.07927499078180948	0.2512213148739026
ENSMUSG00000014602.16:B2	exon	random hexamer	1	0.1490875838399939	-0.324777287866971
ENSMUSG00000014602.16:B4	exon	random hexamer	1	0.0968433519036968	-0.21991757821080857
ENSMUSG00000014602.16:B4	junction	random hexamer	1	0.05242515672844319	0.27214285714285713
ENSMUSG00000015222.19:B1	exon	poly(dT)	6	0.11987038209318572	0.030585214426821505
ENSMUSG00000015222.19:B1	exon	random hexamer	6	0.10989269909790324	0.04704444102075389
ENSMUSG00000015222.19:B1	junction	poly(dT)	5	0.06259311821510113	0.05343321584233166
ENSMUSG00000015222.19:B1	junction	random hexamer	3	0.07995114852798291	-0.12863756613756613
ENSMUSG00000015222.19:B2	junction	poly(dT)	2	0.0642592653107543	-0.008547008547008524
ENSMUSG00000015222.19:B3	exon	poly(dT)	3	0.08348538587373093	0.11455563310667116
ENSMUSG00000015222.19:B3	exon	random hexamer	3	0.07028173888916969	0.08311498574401031
ENSMUSG00000015222.19:B3	junction	poly(dT)	1	0.08348538587373093	0.0
ENSMUSG00000015222.19:B3	junction	random hexamer	4	0.058838419896982144	0.07851573377889165
ENSMUSG00000015222.19:B5	exon	poly(dT)	2	0.07091926953534336	0.0844581608930435
ENSMUSG00000015222.19:B5	exon	random hexamer	2	0.07497070882300719	-0.05125612249943642
ENSMUSG00000015501.11:B1	exon	poly(dT)	3	0.07924130065611996	-0.28235588770506165
ENSMUSG00000015501.11:B1	exon	random hexamer	3	0.19784053524480136	0.0765023091930185
ENSMUSG00000015501.11:B1	junction	random hexamer	3	0.10245190971282293	-0.009406922861312407
ENSMUSG00000015968.19:B1	exon	poly(dT)	4	0.09330642283370923	-0.031676539698981786
ENSMUSG00000015968.19:B1	exon	random hexamer	4	0.08312025488712255	-0.04351676000274752
ENSMUSG00000015968.19:B1	junction	poly(dT)	2	0.1980454979905759	0.027777777777777773
ENSMUSG00000015968.19:B1	junction	random hexamer	2	0.12351345350223962	0.0030771030771030716
ENSMUSG00000017631.20:B1	exon	random hexamer	9	0.181123061154345	0.131709724145971
ENSMUSG00000017631.20:B1	junction	random hexamer	6	0.1404989504537709	0.0061752357948010135
ENSMUSG00000017631.20:B2	exon	random hexamer	2	0.22660787277686523	0.01801707926744339
ENSMUSG00000017670.17:B1	exon	random hexamer	2	0.146130379488766	0.036358979458151745
ENSMUSG00000017670.17:B1	junction	random hexamer	2	0.128440049219038	0.0
ENSMUSG00000017670.17:B2	exon	poly(dT)	1	0.0642286869796072	0.0
ENSMUSG00000017670.17:B2	exon	random hexamer	1	0.1358814865648092	0.18675169205726577
ENSMUSG00000017740.18:B1	exon	poly(dT)	2	0.12089488702249807	0.021390336210559045
ENSMUSG00000017740.18:B1	exon	random hexamer	2	0.13319717497935155	-0.006436876294613619
ENSMUSG00000017740.18:B1	junction	poly(dT)	2	0.09189626573246534	0.07539159713072757
ENSMUSG00000017740.18:B1	junction	random hexamer	2	0.15316034496664208	-0.032198028137790186
ENSMUSG00000018411.18:B1	junction	random hexamer	1	0.11692413516878557	-0.011494252873563204
ENSMUSG00000018750.15:B1	exon	random hexamer	3	0.12393872148103069	-0.19601027973460342
ENSMUSG00000018750.15:B2	exon	random hexamer	1	0.0876322558733151	0.1560141505958315
ENSMUSG00000018750.15:B3	exon	random hexamer	1	0.15026635223219062	0.23455281547117776
ENSMUSG00000019302.17:B1	exon	poly(dT)	2	0.10444942319068687	0.18402479123891247
ENSMUSG00000019302.17:B1	exon	random hexamer	2	0.09372286429195369	-0.07313285785785299
ENSMUSG00000019302.17:B1	junction	random hexamer	1	0.06421759569281364	0.0
ENSMUSG00000019302.17:B2	exon	poly(dT)	1	0.08624947312780155	-0.2865078448154185
ENSMUSG00000019302.17:B2	exon	random hexamer	1	0.19013656740033605	0.2888942852517403
ENSMUSG00000019302.17:B2	junction	random hexamer	2	0.12193218339521623	0.009523809523809509
ENSMUSG00000019302.17:B3	exon	random hexamer	1	0.05580472623445851	0.3463135699739294
ENSMUSG00000019302.17:B3	junction	random hexamer	1	0.08145008286917088	0.0
ENSMUSG00000019852.8:B1	exon	random hexamer	1	0.07306110675708355	-0.13135470706272376
ENSMUSG00000019971.11:B1	exon	poly(dT)	2	0.09016424062820427	0.09911531718979937
ENSMUSG00000019971.11:B2	exon	poly(dT)	1	0.06939992714826382	0.0
ENSMUSG00000020070.19:B1	exon	poly(dT)	1	0.08024330675355754	-0.057148624028086015
ENSMUSG00000020070.19:B1	exon	random hexamer	1	0.12713590769357885	0.11736627399773138
ENSMUSG00000020181.19:B1	exon	random hexamer	10	0.19653085640837215	0.2649758998089814
ENSMUSG00000020181.19:B1	junction	poly(dT)	1	0.11789587177127601	-0.10461760461760465
ENSMUSG00000020181.19:B1	junction	random hexamer	2	0.14779233091709593	0.4535522273425499
ENSMUSG00000020220.17:B1	exon	poly(dT)	1	0.06564229480200964	-0.296978249772927
ENSMUSG00000020220.17:B1	exon	random hexamer	1	0.09153524342250084	-0.18973649967469097
ENSMUSG00000020297.11:B1	exon	random hexamer	1	0.081141738095993	0.2843431921959001
ENSMUSG00000020300.15:B1	exon	poly(dT)	1	0.08226164179595843	0.2453184664072016
ENSMUSG00000020300.15:B1	exon	random hexamer	1	0.08810435607949992	0.13965197377181887
ENSMUSG00000020315.19:B1	exon	poly(dT)	2	0.16521243570645	-0.06529760604475113
ENSMUSG00000020315.19:B1	exon	random hexamer	2	0.06768637975239407	0.10460282364471181
ENSMUSG00000020390.13:B1	exon	poly(dT)	2	0.3367697074258995	-0.07678233326356505
ENSMUSG00000020390.13:B1	exon	random hexamer	2	0.3087067788218203	0.04679202188974992
ENSMUSG00000020524.17:B1	exon	random hexamer	1	0.0810700716274526	-0.03108157079204016
ENSMUSG00000020661.16:B1	exon	random hexamer	8	0.09078387282955419	0.0056449914934946725
ENSMUSG00000020661.16:B1	junction	random hexamer	2	0.06011217762482625	0.0
ENSMUSG00000020827.19:B1	exon	poly(dT)	2	0.13189138172524845	0.1886991589925622
ENSMUSG00000020827.19:B1	exon	random hexamer	3	0.10664397750824461	-0.1513451591385264
ENSMUSG00000020827.19:B2	exon	random hexamer	1	0.11232271120150479	0.644755122510494
ENSMUSG00000020827.19:B3	exon	random hexamer	1	0.15675095129248048	0.22887666456636038
ENSMUSG00000020827.19:B4	exon	random hexamer	1	0.055481214340275496	0.12297156566184272
ENSMUSG00000020859.17:B1	exon	poly(dT)	6	0.28664187558152016	0.07982097970677769
ENSMUSG00000020859.17:B1	exon	random hexamer	6	0.2161451063619566	0.23228911300960667
ENSMUSG00000020859.17:B1	junction	poly(dT)	1	0.18749176199447445	0.0
ENSMUSG00000020859.17:B2	exon	poly(dT)	4	0.14204348432328312	-0.1608179648312969
ENSMUSG00000020859.17:B2	exon	random hexamer	4	0.19945094937805882	0.1879460376751836
ENSMUSG00000020859.17:B2	junction	poly(dT)	1	0.14794038513789773	0.12406955922020481
ENSMUSG00000020859.17:B3	exon	poly(dT)	1	0.21592131309806528	-0.13645319846976484
ENSMUSG00000020859.17:B3	exon	random hexamer	1	0.1778066277268675	0.0
ENSMUSG00000020863.16:B2	exon	poly(dT)	1	0.10314477787500924	0.03938601105983719
ENSMUSG00000020863.16:B2	exon	random hexamer	1	0.11547856416715921	0.1392677488252992
ENSMUSG00000020866.18:B2	exon	random hexamer	1	0.0639357313044869	-0.025688932265728295
ENSMUSG00000020866.18:B4	exon	random hexamer	1	0.06374305828848945	-0.23279091059365947
ENSMUSG00000020866.18:B7	exon	random hexamer	1	0.07094121175430444	-0.00108799938335139
ENSMUSG00000020886.18:B1	exon	random hexamer	5	0.3219177442936746	-0.01034492471487837
ENSMUSG00000020886.18:B1	junction	random hexamer	3	0.34296170476644755	0.0896729428211777
ENSMUSG00000020886.18:B2	exon	random hexamer	1	0.6352832431131602	-0.17474470821753682
ENSMUSG00000020886.18:B2	junction	random hexamer	2	0.615465479494335	0.10968102073365228
ENSMUSG00000020894.17:B1	exon	random hexamer	1	0.18948591109350854	0.03878840422672282
ENSMUSG00000020900.16:B1	exon	poly(dT)	2	0.07012618438392827	-0.11231965400196314
ENSMUSG00000020900.16:B1	exon	random hexamer	2	0.1605566664045844	0.10589253896823811
ENSMUSG00000021010.10:B1	exon	poly(dT)	3	0.10870300160248986	0.14709073851683763
ENSMUSG00000021010.10:B1	exon	random hexamer	4	0.23001531088901875	0.17839535589601865
ENSMUSG00000021010.10:B1	junction	poly(dT)	1	0.05246168412733706	-0.17777777777777778
ENSMUSG00000021010.10:B1	junction	random hexamer	3	0.25849055571188084	0.48794234881857435
ENSMUSG00000021068.18:B1	junction	random hexamer	1	0.09837994905079639	-0.056330891330891364
ENSMUSG00000021071.18:B1	exon	poly(dT)	2	0.15978840327183017	0.011482738418348612
ENSMUSG00000021071.18:B1	exon	random hexamer	2	0.23284803429071516	-0.06430171996644217
ENSMUSG00000021087.19:B1	exon	poly(dT)	4	0.1931574488148451	0.135253736192268
ENSMUSG00000021087.19:B1	exon	random hexamer	4	0.14240782080634495	0.07347629037406621
ENSMUSG00000021087.19:B1	junction	random hexamer	2	0.0754005336121883	0.1381026867868973
ENSMUSG00000021244.16:B1	exon	random hexamer	2	0.17340805413672555	0.01790262318167083
ENSMUSG00000021268.19:B1	exon	poly(dT)	2	0.12124345308183812	-0.016945284386303744
ENSMUSG00000021268.19:B1	exon	random hexamer	2	0.06414634075019061	-0.007923153226865024
ENSMUSG00000021268.19:B1	junction	random hexamer	3	0.09845819226349227	-0.017794781234678946
ENSMUSG00000021288.20:B1	exon	poly(dT)	1	0.07471394150670035	0.13736145626341711
ENSMUSG00000021288.20:B1	exon	random hexamer	3	0.23979100998402147	0.02234331586091658
ENSMUSG00000021288.20:B1	junction	random hexamer	1	0.2739051983257395	-0.036363636363636355
ENSMUSG00000021488.9:B1	exon	poly(dT)	3	0.14984554949528306	-0.07948044649592328
ENSMUSG00000021488.9:B1	exon	random hexamer	3	0.15533268909584264	-0.08121843588518779
ENSMUSG00000021488.9:B2	exon	poly(dT)	1	0.13469393154045997	0.2391564297208832
ENSMUSG00000021488.9:B2	exon	random hexamer	1	0.13958141668774643	0.02471636759904602
ENSMUSG00000021488.9:B2	junction	poly(dT)	1	0.08279885614711308	0.0
ENSMUSG00000021488.9:B3	exon	poly(dT)	24	0.18287439970970307	0.006689897987869235
ENSMUSG00000021488.9:B3	exon	random hexamer	24	0.25310358804477195	0.2731855611704361
ENSMUSG00000021488.9:B3	junction	poly(dT)	5	0.07786144687820376	0.005858585858585856
ENSMUSG00000021500.18:B3	exon	poly(dT)	2	0.0503242875390992	-0.2413999042588077
ENSMUSG00000021557.16:B1	exon	poly(dT)	2	0.41836921056153015	0.0
ENSMUSG00000021557.16:B1	exon	random hexamer	1	0.1060485832422771	-0.13710689809216803
ENSMUSG00000021700.11:B1	exon	poly(dT)	2	0.08545018779205518	0.00967280509353455
ENSMUSG00000021700.11:B1	exon	random hexamer	2	0.07704469933052935	0.060322183992620945
ENSMUSG00000021708.19:B1	junction	random hexamer	1	0.11243366873015881	0.0
ENSMUSG00000021819.12:B3	exon	random hexamer	1	0.12423395296196274	0.07618879827393243
ENSMUSG00000021843.18:B1	exon	poly(dT)	1	0.08515218432307009	0.01882887671343265
ENSMUSG00000021843.18:B1	exon	random hexamer	1	0.0837650282381554	-0.08370741189565598
ENSMUSG00000021843.18:B2	exon	poly(dT)	1	0.1870634364292409	-0.2533154129886573
ENSMUSG00000021843.18:B3	exon	poly(dT)	1	0.10878537099616403	0.47218582193897635
ENSMUSG00000021843.18:B4	exon	poly(dT)	1	0.16036016466659775	0.28478500540682467
ENSMUSG00000021843.18:B4	exon	random hexamer	1	0.1989024595307646	-0.12871350143204893
ENSMUSG00000021843.18:B4	junction	poly(dT)	3	0.17523398314774244	0.42252630773574934
ENSMUSG00000021843.18:B5	exon	poly(dT)	1	0.10897847896594813	0.1508112319845984
ENSMUSG00000021843.18:B5	junction	poly(dT)	3	0.08753205991702785	0.3126868096166342
ENSMUSG00000022000.12:B1	exon	poly(dT)	1	0.061353005783996925	-0.0002882434768423092
ENSMUSG00000022010.20:B1	exon	poly(dT)	2	0.09807163959412193	0.14056132351727718
ENSMUSG00000022010.20:B1	exon	random hexamer	3	0.1267337047292916	-0.01158033874574473
ENSMUSG00000022099.18:B1	exon	random hexamer	3	0.08292901334641524	0.051956711899278744
ENSMUSG00000022185.20:B1	exon	poly(dT)	12	0.0846733248865346	0.08853747322515003
ENSMUSG00000022185.20:B1	exon	random hexamer	12	0.11024634394005156	0.10505078515899773
ENSMUSG00000022185.20:B1	junction	poly(dT)	3	0.06198168459496675	0.06545438040536079
ENSMUSG00000022185.20:B1	junction	random hexamer	2	0.2741362649549731	-0.2755291005291005
ENSMUSG00000022185.20:B4	exon	poly(dT)	1	0.16447904663428065	-0.24382762765882257
ENSMUSG00000022185.20:B4	exon	random hexamer	1	0.15595978111734796	-0.006012367890218114
ENSMUSG00000022194.16:B1	exon	poly(dT)	3	0.10688991096937402	-0.09536690535945791
ENSMUSG00000022194.16:B1	exon	random hexamer	3	0.13400434587076326	0.06276728315247783
ENSMUSG00000022194.16:B3	exon	poly(dT)	4	0.23348560664616075	0.08048835111556586
ENSMUSG00000022194.16:B3	exon	random hexamer	5	0.1866912689736327	-0.030463937041777432
ENSMUSG00000022194.16:B3	junction	poly(dT)	1	0.22665298966058478	0.0
ENSMUSG00000022263.11:B1	exon	random hexamer	2	0.06383325840161003	0.054997211490772566
ENSMUSG00000022415.13:B1	exon	random hexamer	1	0.052214034389173394	0.024515698779917716
ENSMUSG00000022456.19:B1	exon	random hexamer	3	0.1110068615768428	0.1850524359484933
ENSMUSG00000022456.19:B2	exon	random hexamer	1	0.2190648907495407	0.06851842460484116
ENSMUSG00000022456.19:B2	junction	random hexamer	1	0.06261082535192306	0.042508417508417495
ENSMUSG00000022456.19:B3	exon	random hexamer	1	0.07599317887778223	-0.12662780008563823
ENSMUSG00000022477.14:B1	exon	random hexamer	1	0.1512089449834417	-0.055227673852536255
ENSMUSG00000022477.14:B2	exon	random hexamer	20	0.20735739874090925	0.1227585615683339
ENSMUSG00000022477.14:B2	junction	random hexamer	7	0.09414538774704521	0.0
ENSMUSG00000022489.7:B1	exon	random hexamer	3	0.21464991662322774	0.11993018048747128
ENSMUSG00000022514.15:B1	exon	random hexamer	2	0.16805294439783203	0.2672962862861065
ENSMUSG00000022558.17:B1	exon	random hexamer	1	0.06424391040370929	0.0233792885315451
ENSMUSG00000022565.16:B1	exon	random hexamer	1	0.06595860751387844	0.035961330018347254
ENSMUSG00000022623.18:B1	exon	random hexamer	12	0.14308474971463367	-0.03501887020168546
ENSMUSG00000022623.18:B1	junction	random hexamer	2	0.15818633298457804	-0.030526377217553698
ENSMUSG00000022623.18:B2	exon	random hexamer	1	0.13628091430446862	-0.025011176987703294
ENSMUSG00000022629.18:B1	exon	poly(dT)	1	0.3282204496319477	0.5330286633394424
ENSMUSG00000022629.18:B1	exon	random hexamer	1	0.20080841883075587	0.6819659025511985
ENSMUSG00000022812.15:B1	exon	poly(dT)	1	0.09028170358435178	0.02076050633115325
ENSMUSG00000022812.15:B1	exon	random hexamer	1	0.11418882223006159	-0.06628229373543375
ENSMUSG00000022822.17:B1	exon	poly(dT)	1	0.086871064701691	-0.03621937351390463
ENSMUSG00000022822.17:B1	exon	random hexamer	1	0.086871064701691	-0.019172113289760335
ENSMUSG00000022892.12:B1	exon	poly(dT)	1	0.12578574691802047	0.0
ENSMUSG00000022892.12:B1	exon	random hexamer	1	0.2842715265306128	-0.0631814827972563
ENSMUSG00000022914.18:B1	exon	random hexamer	1	0.20545676900510967	-0.25551541547957307
ENSMUSG00000022914.18:B2	exon	random hexamer	3	0.0561042960496733	0.0
ENSMUSG00000022961.19:B1	exon	poly(dT)	1	0.17752420073434755	-0.05858633808095329
ENSMUSG00000022961.19:B1	exon	random hexamer	1	0.1875758507366019	-0.14212575103664213
ENSMUSG00000022961.19:B3	exon	poly(dT)	11	0.09538010200500309	-0.07211873384911976
ENSMUSG00000022961.19:B3	exon	random hexamer	11	0.19002672790990413	0.060486764328587975
ENSMUSG00000022961.19:B3	junction	poly(dT)	2	0.1169327817157225	0.04355742296918769
ENSMUSG00000022961.19:B3	junction	random hexamer	2	0.10116295459373126	-0.001587301587301591
ENSMUSG00000022973.19:B1	exon	random hexamer	1	0.08540039487180476	-0.035766683433936984
ENSMUSG00000023007.16:B1	exon	random hexamer	2	0.058412688667043834	0.06800168803504682
ENSMUSG00000023007.16:B1	junction	random hexamer	2	0.08813492252404004	-0.05650522317188985
ENSMUSG00000023033.15:B1	exon	poly(dT)	2	0.11744300770562148	-0.08438369196413502
ENSMUSG00000023033.15:B1	exon	random hexamer	2	0.1976561132338533	0.21751597265264078
ENSMUSG00000023033.15:B1	junction	random hexamer	2	0.06233211383242532	0.011619962670382806
ENSMUSG00000023473.14:B1	exon	random hexamer	1	0.09421423165909691	-0.019221166805861417
ENSMUSG00000023473.14:B1	junction	random hexamer	2	0.05268681295059342	0.0
ENSMUSG00000023868.18:B1	exon	poly(dT)	3	0.10005344488805419	0.40647646297227863
ENSMUSG00000023868.18:B1	exon	random hexamer	5	0.10533350866656796	0.4869093343258247
ENSMUSG00000023868.18:B1	junction	poly(dT)	4	0.13981561722154534	0.2983274347381565
ENSMUSG00000023868.18:B1	junction	random hexamer	3	0.15009020309234875	0.1652815630591097
ENSMUSG00000024044.20:B1	exon	random hexamer	3	0.09156049752577167	-0.007910872901014563
ENSMUSG00000024044.20:B4	exon	poly(dT)	1	0.06376659823907374	-0.4682065886386
ENSMUSG00000024044.20:B4	exon	random hexamer	3	0.11269209903367332	0.00826488330085247
ENSMUSG00000024044.20:B4	junction	random hexamer	3	0.08141769974622805	0.022222222222222223
ENSMUSG00000024073.17:B1	exon	random hexamer	1	0.05482832253946896	0.0809349450702751
ENSMUSG00000024073.17:B4	exon	random hexamer	1	0.05165582702902409	-0.5669594548216178
ENSMUSG00000024073.17:B5	exon	poly(dT)	1	0.13649038571695696	-0.11104405096919286
ENSMUSG00000024073.17:B5	junction	poly(dT)	2	0.10268654384832608	0.08170498084291189
ENSMUSG00000024109.19:B1	exon	poly(dT)	18	0.055235237262739524	-0.15233531082513785
ENSMUSG00000024109.19:B1	exon	random hexamer	21	0.07497229540357214	0.08377448057726726
ENSMUSG00000024109.19:B1	junction	poly(dT)	4	0.08299702353629829	0.08730218855218855
ENSMUSG00000024109.19:B1	junction	random hexamer	12	0.09184393096735677	0.069335562092745
ENSMUSG00000024109.19:B2	exon	poly(dT)	1	0.09366548463935308	0.042449564557709096
ENSMUSG00000024109.19:B2	exon	random hexamer	1	0.12357448765264141	0.22103041068887305
ENSMUSG00000024130.17:B1	exon	random hexamer	2	0.05382789138361445	-0.13429447929851812
ENSMUSG00000024163.18:B1	exon	poly(dT)	3	0.12301564962767421	-0.03496810237253811
ENSMUSG00000024163.18:B1	exon	random hexamer	3	0.1434747143989559	0.053428589767729066
ENSMUSG00000024163.18:B2	exon	random hexamer	1	0.34451479950154873	-0.1200383828054569
ENSMUSG00000024163.18:B2	junction	random hexamer	3	0.2537593905682717	0.31093019668860716
ENSMUSG00000024163.18:B3	exon	random hexamer	1	0.2711182005743928	0.23246715473469842
ENSMUSG00000024163.18:B3	junction	random hexamer	2	0.3078088589971967	0.42002198479013
ENSMUSG00000024163.18:B4	exon	poly(dT)	3	0.11079841602690466	0.09119526057195042
ENSMUSG00000024163.18:B4	exon	random hexamer	3	0.07896972014293473	0.10225054183751586
ENSMUSG00000024163.18:B4	junction	poly(dT)	5	0.15576584386645967	0.1021005866114562
ENSMUSG00000024163.18:B4	junction	random hexamer	1	0.0626889292924714	-0.014705882352941175
ENSMUSG00000024163.18:B5	exon	poly(dT)	1	0.15049770409453692	0.39562508994359896
ENSMUSG00000024163.18:B5	exon	random hexamer	1	0.23225171629119715	0.1284760361273256
ENSMUSG00000024163.18:B5	junction	random hexamer	2	0.2264053607013075	0.0884469696969697
ENSMUSG00000024163.18:B6	exon	random hexamer	1	0.07892909592743813	-0.017058165548098424
ENSMUSG00000024220.15:B1	exon	random hexamer	4	0.11728157781229216	0.05337262898269719
ENSMUSG00000024220.15:B3	exon	random hexamer	1	0.051130420186344804	-0.3333333333333333
ENSMUSG00000024242.16:B3	exon	poly(dT)	2	0.08771534312641328	-0.3498381171806478
ENSMUSG00000024242.16:B3	exon	random hexamer	2	0.1945591632511446	-0.11744070802848552
ENSMUSG00000024260.15:B1	exon	random hexamer	1	0.18492121144443388	-0.053645061612226895
ENSMUSG00000024268.17:B1	exon	poly(dT)	1	0.11701093479757375	0.0
ENSMUSG00000024268.17:B1	exon	random hexamer	1	0.0886369069026122	0.14700383667076714
ENSMUSG00000024393.15:B1	exon	poly(dT)	2	0.15769633819220566	-0.029837396002714706
ENSMUSG00000024393.15:B1	exon	random hexamer	2	0.11737054935605684	0.016371113723792196
ENSMUSG00000024393.15:B1	junction	random hexamer	1	0.11745903310882824	-0.0062500000000000056
ENSMUSG00000024498.17:B1	exon	random hexamer	1	0.12409703865156037	0.011825303544607903
ENSMUSG00000024743.17:B1	exon	random hexamer	1	0.26691034754841225	0.11044693568029348
ENSMUSG00000024743.17:B2	exon	poly(dT)	3	0.2016778657106689	-0.31742448786721233
ENSMUSG00000024743.17:B2	exon	random hexamer	4	0.11413539109718064	-0.009315192890132556
ENSMUSG00000024743.17:B2	junction	random hexamer	3	0.14955203294313218	-0.04057712460817411
ENSMUSG00000024743.17:B3	exon	random hexamer	1	0.1205398505868175	-0.026238707340862182
ENSMUSG00000024758.16:B1	exon	poly(dT)	1	0.09360043875652142	0.0
ENSMUSG00000024758.16:B1	exon	random hexamer	1	0.30779194940469196	-0.008005031220520209
ENSMUSG00000024921.18:B1	exon	poly(dT)	28	0.08501736294023703	0.008781860754752166
ENSMUSG00000024921.18:B1	exon	random hexamer	29	0.1136943724775352	0.027837822314013536
ENSMUSG00000024921.18:B1	junction	poly(dT)	5	0.08537997681416606	-0.012409387997623283
ENSMUSG00000024921.18:B1	junction	random hexamer	10	0.06952385243933527	-0.02874127480934993
ENSMUSG00000024921.18:B2	exon	random hexamer	1	0.052765213483544265	0.041466737328393045
ENSMUSG00000024921.18:B3	exon	poly(dT)	3	0.0868586222576488	0.04192154813522634
ENSMUSG00000024921.18:B3	exon	random hexamer	2	0.054561268191983356	0.02136679954792997
ENSMUSG00000024969.16:B1	exon	random hexamer	2	0.1202131039744807	-0.0984671625551607
ENSMUSG00000025261.19:B1	exon	poly(dT)	3	0.12508348963093285	0.1931910335671354
ENSMUSG00000025261.19:B1	exon	random hexamer	3	0.08329880309560532	-0.07092846371004598
ENSMUSG00000025261.19:B1	junction	poly(dT)	2	0.06645387276593427	0.08858662402248514
ENSMUSG00000025266.12:B1	exon	poly(dT)	1	0.05466578299282032	0.0
ENSMUSG00000025266.12:B1	junction	poly(dT)	2	0.05466578299282034	-0.009719979173597407
ENSMUSG00000025272.17:B1	exon	poly(dT)	1	0.08015373085392019	-0.03645774352895281
ENSMUSG00000025272.17:B1	exon	random hexamer	1	0.06423880706054465	0.07306267055161295
ENSMUSG00000025272.17:B3	exon	poly(dT)	2	0.0934742312070448	-0.09164142453681819
ENSMUSG00000025272.17:B4	exon	poly(dT)	1	0.10829221472095267	-0.0485224557215074
ENSMUSG00000025326.13:B1	exon	random hexamer	1	0.08899406279485718	-0.0648224725998325
ENSMUSG00000025369.16:B1	exon	random hexamer	1	0.20892102025010725	-0.06960629065175838
ENSMUSG00000025372.17:B1	exon	random hexamer	1	0.2630420278603063	-0.02504621051209503
ENSMUSG00000025372.17:B1	junction	random hexamer	2	0.3230310503631165	0.16830517153097801
ENSMUSG00000025372.17:B2	exon	random hexamer	3	0.067175964086175	0.1635732206147705
ENSMUSG00000025404.16:B2	exon	poly(dT)	1	0.13702171412814798	0.10853001912160348
ENSMUSG00000025404.16:B2	exon	random hexamer	1	0.19237066322197613	-0.2607910319889639
ENSMUSG00000025404.16:B3	exon	random hexamer	1	0.29481896094731413	0.10666509938428677
ENSMUSG00000025404.16:B3	junction	random hexamer	3	0.2161463681379683	0.1270810593618467
ENSMUSG00000025422.11:B1	exon	poly(dT)	1	0.1200872975329002	-0.21674986606313118
ENSMUSG00000025422.11:B1	exon	random hexamer	1	0.24335765241940885	0.5933852622155925
ENSMUSG00000025422.11:B1	junction	poly(dT)	1	0.052450588237617723	0.0
ENSMUSG00000025422.11:B1	junction	random hexamer	1	0.054266092218545565	-0.07870370370370372
ENSMUSG00000025576.18:B1	exon	poly(dT)	3	0.0715721647606296	0.17304147642111825
ENSMUSG00000025576.18:B1	exon	random hexamer	3	0.18671627014424816	0.2087819307971305
ENSMUSG00000025576.18:B3	exon	random hexamer	1	0.22429462809576575	0.18371252040838132
ENSMUSG00000025576.18:B4	exon	poly(dT)	1	0.35067428346332163	0.14192262319155094
ENSMUSG00000025576.18:B4	exon	random hexamer	1	0.4607454994225888	0.36719004400449934
ENSMUSG00000025656.18:B1	exon	poly(dT)	8	0.09726044259197641	0.0637779529869631
ENSMUSG00000025656.18:B1	exon	random hexamer	8	0.14812958448323776	0.05832187501638986
ENSMUSG00000025658.17:B1	exon	poly(dT)	3	0.23375305935751914	0.044464413508404986
ENSMUSG00000025658.17:B1	exon	random hexamer	3	0.2902559025636846	0.2575386823226462
ENSMUSG00000025658.17:B1	junction	random hexamer	1	0.14400856619069005	0.0
ENSMUSG00000025892.17:B1	exon	random hexamer	1	0.06658814300390235	0.12003260039722874
ENSMUSG00000025892.17:B2	exon	random hexamer	1	0.05223650483754725	-0.21459108343207825
ENSMUSG00000025964.16:B1	exon	poly(dT)	1	0.11576647126917727	0.00023219471216609847
ENSMUSG00000025964.16:B1	exon	random hexamer	1	0.0751535039129263	0.0
ENSMUSG00000025964.16:B2	exon	poly(dT)	1	0.11131445374796634	-0.19113962006193994
ENSMUSG00000025964.16:B2	exon	random hexamer	2	0.12176856845039084	-0.12063261587260274
ENSMUSG00000025964.16:B3	exon	poly(dT)	1	0.06484270168707718	-0.08978972720372802
ENSMUSG00000025964.16:B3	exon	random hexamer	1	0.058644456344278395	0.12168358600280431
ENSMUSG00000026014.16:B1	exon	poly(dT)	2	0.21455569123175844	-0.44627497870411625
ENSMUSG00000026014.16:B1	exon	random hexamer	2	0.11601494214886635	-0.08017785427423983
ENSMUSG00000026207.17:B1	exon	random hexamer	9	0.0779005559067831	-0.06461471063852336
ENSMUSG00000026207.17:B1	junction	random hexamer	1	0.15054470682213192	0.1199367625838214
ENSMUSG00000026219.15:B1	exon	poly(dT)	2	0.14064802296716172	-0.11834029634783737
ENSMUSG00000026219.15:B1	exon	random hexamer	2	0.23077528121456387	-0.12791146091502603
ENSMUSG00000026219.15:B1	junction	random hexamer	2	0.054340448350155356	-0.09523809523809525
ENSMUSG00000026259.15:B1	exon	poly(dT)	4	0.19116354224063326	0.04659459610132953
ENSMUSG00000026259.15:B1	exon	random hexamer	4	0.14086990297346078	-0.010703833772314895
ENSMUSG00000026259.15:B1	junction	random hexamer	2	0.13447394496687148	0.0
ENSMUSG00000026442.15:B1	exon	poly(dT)	2	0.05784454911566993	0.007698025500550328
ENSMUSG00000026442.15:B1	exon	random hexamer	2	0.23826289786299554	0.013015100294442949
ENSMUSG00000026442.15:B1	junction	random hexamer	2	0.33935754496901044	0.019746919746919736
ENSMUSG00000026490.19:B1	exon	poly(dT)	1	0.13900574075847652	-0.34274403715443524
ENSMUSG00000026490.19:B2	exon	poly(dT)	1	0.08808082948624314	-0.010962578219228072
ENSMUSG00000026490.19:B2	junction	poly(dT)	2	0.08543303340062056	0.26097960074179116
ENSMUSG00000026504.18:B1	exon	poly(dT)	1	0.11428360793621786	-0.36083149327000397
ENSMUSG00000026504.18:B1	exon	random hexamer	1	0.19088474697653768	0.06654390418926437
ENSMUSG00000026587.16:B1	exon	random hexamer	1	0.2337371137445257	-0.06533845924396012
ENSMUSG00000026761.13:B1	exon	poly(dT)	1	0.2610950980035443	0.3004159712873631
ENSMUSG00000026761.13:B1	exon	random hexamer	1	0.1514099112493758	-0.11402997254868899
ENSMUSG00000026797.17:B1	exon	poly(dT)	1	0.08645448814731035	-0.13127931658722297
ENSMUSG00000026797.17:B1	exon	random hexamer	1	0.07556802292614781	0.048428966959151554
ENSMUSG00000026812.17:B1	exon	random hexamer	3	0.1719531969642246	0.05064205525905737
ENSMUSG00000026812.17:B2	exon	random hexamer	1	0.10761643446108045	-0.368340116338661
ENSMUSG00000026825.18:B1	exon	poly(dT)	1	0.15358280154064227	0.0540091177259319
ENSMUSG00000026825.18:B1	exon	random hexamer	1	0.26420404880809806	0.09242083697040426
ENSMUSG00000026867.20:B1	exon	random hexamer	2	0.10814693819404679	0.0
ENSMUSG00000026872.19:B1	exon	poly(dT)	5	0.080882339340516	-0.07616612964842664
ENSMUSG00000026872.19:B1	exon	random hexamer	7	0.14205530907715697	0.0224899758389694
ENSMUSG00000026872.19:B2	exon	poly(dT)	11	0.07622284034647503	0.1306717236014857
ENSMUSG00000026872.19:B2	exon	random hexamer	14	0.12789347951509658	-0.0468223017132745
ENSMUSG00000026915.17:B1	exon	poly(dT)	1	0.0799776697358217	0.38047331817182606
ENSMUSG00000026915.17:B1	exon	random hexamer	1	0.07039564207308643	-0.26001341704852515
ENSMUSG00000026915.17:B1	junction	poly(dT)	1	0.07312914324904374	0.0018314726209463395
ENSMUSG00000026924.18:B1	exon	random hexamer	1	0.1297266258710443	-0.3347102070506326
ENSMUSG00000026959.14:B3	exon	poly(dT)	1	0.4088371592240326	0.4591851349670642
ENSMUSG00000026959.14:B3	exon	random hexamer	1	0.350907870238796	0.13535690393530608
ENSMUSG00000026959.14:B3	junction	poly(dT)	3	0.26689229444371815	0.1809526192188731
ENSMUSG00000026959.14:B3	junction	random hexamer	3	0.3422896393327118	0.2141285809759651
ENSMUSG00000027012.16:B1	exon	poly(dT)	1	0.08541288692184543	-0.08213937058011889
ENSMUSG00000027012.16:B1	exon	random hexamer	1	0.11004666354482012	0.2003854786216834
ENSMUSG00000027012.16:B3	junction	poly(dT)	1	0.051512270143881	-0.011259191176470576
ENSMUSG00000027254.14:B1	exon	random hexamer	3	0.09320482258778055	0.10951701674922598
ENSMUSG00000027309.19:B1	exon	poly(dT)	1	0.05104729325405758	0.0
ENSMUSG00000027309.19:B1	exon	random hexamer	1	0.1695983285325353	0.0
ENSMUSG00000027347.19:B4	exon	poly(dT)	2	0.07360078853213678	0.19702840399368032
ENSMUSG00000027347.19:B4	junction	poly(dT)	2	0.06377761787933295	0.0
ENSMUSG00000027347.19:B4	junction	random hexamer	2	0.10473596766017432	0.0
ENSMUSG00000027363.16:B1	exon	poly(dT)	1	0.09645528746242349	-0.10986650159216627
ENSMUSG00000027363.16:B1	exon	random hexamer	1	0.25901264231972265	-0.05351115292036205
ENSMUSG00000027624.21:B1	exon	poly(dT)	4	0.18144112998238182	0.05604102611300063
ENSMUSG00000027624.21:B1	exon	random hexamer	4	0.2687537372394997	0.11925970968420946
ENSMUSG00000027624.21:B1	junction	random hexamer	3	0.24024003438058386	0.11962834566998466
ENSMUSG00000027624.21:B5	exon	poly(dT)	1	0.2308161104016744	0.02476637610216314
ENSMUSG00000027624.21:B5	exon	random hexamer	1	0.2912912699091564	0.0
ENSMUSG00000027677.18:B1	exon	poly(dT)	1	0.07514853809533126	-0.03924844685375592
ENSMUSG00000027677.18:B1	exon	random hexamer	1	0.10029668062987566	0.02115515029477678
ENSMUSG00000027692.17:B1	exon	poly(dT)	2	0.24340695357629993	0.0640475269085299
ENSMUSG00000027692.17:B1	exon	random hexamer	2	0.15025899887862587	-0.2608480176873604
ENSMUSG00000027692.17:B2	exon	poly(dT)	1	0.14953993109437533	0.3196334679764983
ENSMUSG00000027692.17:B2	exon	random hexamer	1	0.1650759827861168	0.013128320930260343
ENSMUSG00000027692.17:B2	junction	poly(dT)	2	0.12825415756157704	0.0
ENSMUSG00000027692.17:B2	junction	random hexamer	3	0.17466165858404317	-0.014285714285714282
ENSMUSG00000027797.16:B1	exon	poly(dT)	7	0.21454437229868836	-0.1907590368786247
ENSMUSG00000027797.16:B1	exon	random hexamer	7	0.36099803357767335	0.2985176913926046
ENSMUSG00000027797.16:B1	junction	poly(dT)	1	0.06774246880458559	-0.0625
ENSMUSG00000027797.16:B1	junction	random hexamer	4	0.18732779267274227	0.09419191919191919
ENSMUSG00000027797.16:B2	exon	poly(dT)	16	0.28019113848474275	0.27948965876192766
ENSMUSG00000027797.16:B2	exon	random hexamer	16	0.262902291655215	0.23949387497237304
ENSMUSG00000027797.16:B2	junction	poly(dT)	4	0.3028690743946609	0.3186147480347333
ENSMUSG00000027797.16:B2	junction	random hexamer	10	0.1818859686485576	0.08384816152772809
ENSMUSG00000027806.10:B1	exon	random hexamer	1	0.3102676894645716	0.4306649006622516
ENSMUSG00000027894.15:B1	exon	random hexamer	1	0.06265338081861094	0.19775848678699645
ENSMUSG00000027993.17:B1	exon	random hexamer	5	0.07942928273168702	0.05206216137259889
ENSMUSG00000027993.17:B1	junction	random hexamer	2	0.06933240187224274	0.0893826217355629
ENSMUSG00000028059.17:B1	exon	random hexamer	3	0.09317578878794523	0.20078826335623282
ENSMUSG00000028059.17:B1	junction	random hexamer	2	0.0889374131263031	0.046628289473684206
ENSMUSG00000028059.17:B2	exon	random hexamer	1	0.0690904336458756	-0.21531387072087924
ENSMUSG00000028059.17:B3	exon	random hexamer	1	0.07164381491956048	-0.17408829178541058
ENSMUSG00000028086.16:B1	exon	random hexamer	2	0.12090171777294823	0.07861666998153401
ENSMUSG00000028086.16:B2	exon	poly(dT)	1	0.09518689036026609	-0.003931103215739501
ENSMUSG00000028086.16:B2	exon	random hexamer	1	0.12209825669624333	0.03356608457655654
ENSMUSG00000028137.10:B1	exon	random hexamer	3	0.23189686985892766	-0.06532610408217081
ENSMUSG00000028137.10:B3	exon	random hexamer	1	0.30185488695550394	0.21073535033290436
ENSMUSG00000028137.10:B3	junction	random hexamer	2	0.07969091101774048	0.21507908699619138
ENSMUSG00000028137.10:B5	exon	poly(dT)	1	0.1671766604613513	0.25
ENSMUSG00000028137.10:B5	exon	random hexamer	1	0.13652859932759584	-0.2019506597819851
ENSMUSG00000028161.18:B1	exon	poly(dT)	1	0.11515890557965709	-0.0320518997882826
ENSMUSG00000028161.18:B1	exon	random hexamer	1	0.0744634619817109	-0.059653267711643976
ENSMUSG00000028176.14:B1	exon	random hexamer	1	0.1209480781483256	-0.06982143704215496
ENSMUSG00000028248.16:B1	exon	poly(dT)	1	0.20773952030305518	0.0015210150820168
ENSMUSG00000028248.16:B1	exon	random hexamer	1	0.17997209950701473	0.007886084370776468
ENSMUSG00000028397.14:B1	exon	random hexamer	2	0.1751936050536695	-0.29522186296372077
ENSMUSG00000028399.19:B1	exon	poly(dT)	11	0.11508877583576078	0.18372959389253474
ENSMUSG00000028399.19:B1	exon	random hexamer	11	0.11390685846993981	0.2671439243700011
ENSMUSG00000028399.19:B1	junction	poly(dT)	2	0.0948178634630481	0.4429900692914392
ENSMUSG00000028399.19:B1	junction	random hexamer	2	0.15086885310497883	0.44164351851851846
ENSMUSG00000028399.19:B3	exon	random hexamer	1	0.0827081620033919	0.5764013763947
ENSMUSG00000028399.19:B3	junction	random hexamer	1	0.0736747568544693	0.35159869370395685
ENSMUSG00000028399.19:B4	exon	poly(dT)	1	0.15057521386334796	0.451629240799138
ENSMUSG00000028399.19:B4	exon	random hexamer	1	0.13836841578395712	0.3460516440292348
ENSMUSG00000028399.19:B5	exon	poly(dT)	1	0.09338301942354724	-0.01017666702881404
ENSMUSG00000028399.19:B5	exon	random hexamer	1	0.12865533400208784	0.24493674348010758
ENSMUSG00000028434.13:B1	exon	random hexamer	12	0.16550466387574753	0.09283184670072907
ENSMUSG00000028528.18:B1	exon	random hexamer	5	0.31771349197951004	-0.0013545148924820117
ENSMUSG00000028528.18:B2	exon	poly(dT)	2	0.4628439806490505	-0.10578574067361385
ENSMUSG00000028528.18:B2	exon	random hexamer	2	0.45484291786608905	-0.25
ENSMUSG00000028649.23:B1	exon	random hexamer	2	0.05351751204888542	0.2900999314551466
ENSMUSG00000028649.23:B3	exon	poly(dT)	5	0.2342688522355421	0.0780146973328665
ENSMUSG00000028649.23:B3	exon	random hexamer	5	0.2705156959937376	0.06862359388159364
ENSMUSG00000028657.15:B1	exon	poly(dT)	2	0.16185660240716895	-0.006006870721209
ENSMUSG00000028760.17:B1	exon	random hexamer	1	0.10902177181672328	-0.15633939967477042
ENSMUSG00000028760.17:B2	exon	random hexamer	1	0.09665445243677998	-0.13675049098901454
ENSMUSG00000028760.17:B2	junction	random hexamer	2	0.07371784503408672	0.08335348335348335
ENSMUSG00000028760.17:B3	exon	random hexamer	2	0.07822548691902753	-0.17993245463353666
ENSMUSG00000028760.17:B3	junction	random hexamer	3	0.06251830463464715	0.013205145948856642
ENSMUSG00000028782.15:B1	exon	random hexamer	3	0.11724487489787987	0.12209707556453603
ENSMUSG00000028782.15:B1	junction	random hexamer	1	0.06775743722266216	0.005555555555555591
ENSMUSG00000028782.15:B3	exon	random hexamer	1	0.1593615261274612	-0.31693853747207695
ENSMUSG00000028782.15:B4	exon	random hexamer	2	0.16986532284272196	0.030136295979712197
ENSMUSG00000028782.15:B4	junction	random hexamer	1	0.13284878083570226	0.0
ENSMUSG00000028785.14:B1	exon	poly(dT)	4	0.16046927033584668	0.10137427787229505
ENSMUSG00000028785.14:B1	exon	random hexamer	3	0.17400806158689608	0.12715440188011293
ENSMUSG00000028785.14:B1	junction	random hexamer	3	0.17999693889220594	-0.0069023569023569
ENSMUSG00000028809.17:B1	exon	poly(dT)	1	0.06982711270810461	-0.03587247191974977
ENSMUSG00000028809.17:B1	exon	random hexamer	1	0.07279341474935255	-0.03050374425249195
ENSMUSG00000028809.17:B2	exon	poly(dT)	1	0.15243107514023682	0.033249696353839474
ENSMUSG00000028809.17:B2	exon	random hexamer	1	0.10944873082308254	0.15347426690488575
ENSMUSG00000028809.17:B3	exon	random hexamer	1	0.0636970406720027	-0.15614066590642664
ENSMUSG00000028809.17:B3	junction	random hexamer	3	0.07921417428070161	0.2500779157917574
ENSMUSG00000028991.16:B1	exon	random hexamer	1	0.08894238740808225	0.08879717895063162
ENSMUSG00000029004.16:B1	exon	random hexamer	1	0.22716380974102696	-0.09732835130492282
ENSMUSG00000029055.18:B1	exon	random hexamer	1	0.11938282736732382	0.004237188487848302
ENSMUSG00000029055.18:B1	junction	random hexamer	2	0.13641322661848249	0.0
ENSMUSG00000029055.18:B2	exon	random hexamer	16	0.18923673246321684	-0.11306120508003256
ENSMUSG00000029055.18:B2	junction	random hexamer	1	0.15718670950401012	-0.09545454545454543
ENSMUSG00000029095.18:B1	exon	random hexamer	8	0.09209670950420791	0.2528977491778581
ENSMUSG00000029095.18:B1	junction	random hexamer	2	0.11299000555746894	0.43775910364145665
ENSMUSG00000029095.18:B3	exon	poly(dT)	5	0.19595815991443147	-0.040691013320563685
ENSMUSG00000029095.18:B3	exon	random hexamer	5	0.15783393080289612	-0.0446258313339096
ENSMUSG00000029095.18:B3	junction	random hexamer	4	0.14965033543555795	-0.04955324767824766
ENSMUSG00000029108.15:B1	exon	poly(dT)	2	0.11862266826188658	-0.3162231689886068
ENSMUSG00000029108.15:B1	exon	random hexamer	2	0.13793382017997724	-0.05459054158807406
ENSMUSG00000029120.11:B1	exon	random hexamer	1	0.09034941502959606	0.041062236787093274
ENSMUSG00000029245.17:B2	exon	poly(dT)	2	0.08659495143572607	0.1543199178828624
ENSMUSG00000029245.17:B2	exon	random hexamer	2	0.10687541053794695	0.2645190149126694
ENSMUSG00000029406.16:B1	exon	poly(dT)	3	0.09218361469615714	0.04578882840111492
ENSMUSG00000029406.16:B1	exon	random hexamer	5	0.19075684345708116	-0.0376787934601719
ENSMUSG00000029406.16:B1	junction	random hexamer	3	0.08793299943083638	0.18888888888888888
ENSMUSG00000029420.15:B1	exon	random hexamer	4	0.08654370415590415	-0.3451484355457801
ENSMUSG00000029420.15:B3	exon	random hexamer	3	0.1333131734564516	0.049681221304203
ENSMUSG00000029420.15:B6	exon	poly(dT)	1	0.14053075155170666	0.1583565195285429
ENSMUSG00000029461.18:B1	exon	random hexamer	4	0.11860813795524085	-0.07620408859125413
ENSMUSG00000029461.18:B1	junction	random hexamer	3	0.12824810749042795	0.0
ENSMUSG00000029461.18:B2	exon	poly(dT)	1	0.15289125751436045	0.07627469078087995
ENSMUSG00000029461.18:B2	exon	random hexamer	1	0.17582291888746937	-0.021904140417408024
ENSMUSG00000029467.16:B1	exon	random hexamer	1	0.1731821828686504	0.0
ENSMUSG00000029478.17:B1	exon	poly(dT)	11	0.14851664570841522	-0.0479907003191248
ENSMUSG00000029478.17:B1	exon	random hexamer	11	0.11934098798667586	-0.03149786892830625
ENSMUSG00000029478.17:B1	junction	random hexamer	8	0.11644740691175709	0.01380559953750743
ENSMUSG00000029478.17:B2	exon	random hexamer	1	0.2171980026598074	-0.036522538961512516
ENSMUSG00000029478.17:B3	exon	random hexamer	1	0.11846647112726268	-0.45984468716050175
ENSMUSG00000029478.17:B4	exon	random hexamer	1	0.14262403899793863	-0.2015613066011979
ENSMUSG00000029478.17:B6	exon	random hexamer	2	0.4027629207878245	-0.03755917684861192
ENSMUSG00000029505.18:B1	exon	random hexamer	3	0.08470786921121752	-0.20262804145433835
ENSMUSG00000029505.18:B1	junction	random hexamer	2	0.06786697539739853	0.08316430020283977
ENSMUSG00000029505.18:B2	exon	random hexamer	1	0.08765299498402669	0.22610209331160205
ENSMUSG00000029505.18:B3	exon	random hexamer	1	0.14037096189946355	0.042603209483507806
ENSMUSG00000029505.18:B3	junction	random hexamer	3	0.1685999401479182	0.08744825201855709
ENSMUSG00000029505.18:B4	exon	random hexamer	52	0.07494806533925644	-0.010077638463567391
ENSMUSG00000029505.18:B4	junction	random hexamer	4	0.06467066696768473	0.0
ENSMUSG00000029673.20:B1	exon	poly(dT)	6	0.1137043919158744	0.26900822572321725
ENSMUSG00000029673.20:B1	exon	random hexamer	7	0.16361029663393928	0.0884250409695011
ENSMUSG00000029673.20:B1	junction	poly(dT)	1	0.1237365834287824	0.0
ENSMUSG00000029673.20:B1	junction	random hexamer	5	0.08603712163962796	-0.05778115159694106
ENSMUSG00000029673.20:B3	exon	random hexamer	1	0.11890266786209354	-0.6984085134674215
ENSMUSG00000030000.11:B1	exon	random hexamer	6	0.10344036477909364	0.12739895178275518
ENSMUSG00000030000.11:B2	exon	poly(dT)	10	0.06365233372858126	-0.13904864033673037
ENSMUSG00000030000.11:B2	exon	random hexamer	11	0.07585620786362353	-0.02415947458836578
ENSMUSG00000030000.11:B2	junction	poly(dT)	2	0.12038339048492602	0.0
ENSMUSG00000030000.11:B2	junction	random hexamer	2	0.09079933832167028	0.0
ENSMUSG00000030016.15:B3	exon	poly(dT)	5	0.15695711840130178	0.06989084359658025
ENSMUSG00000030016.15:B3	junction	poly(dT)	2	0.1528323366207835	0.02083333333333333
ENSMUSG00000030058.18:B1	exon	random hexamer	1	0.13133982469900454	-0.033067041110189994
ENSMUSG00000030102.12:B1	exon	random hexamer	1	0.05923240444486182	-0.2689530123815919
ENSMUSG00000030134.12:B2	exon	random hexamer	1	0.13887554202922925	-0.3145589798087141
ENSMUSG00000030231.12:B1	exon	poly(dT)	4	0.06507796687554719	0.11556147344187076
ENSMUSG00000030231.12:B1	exon	random hexamer	4	0.21222271442477486	-0.015753328658569127
ENSMUSG00000030231.12:B1	junction	poly(dT)	2	0.050852580546344825	0.14767979898188233
ENSMUSG00000030231.12:B1	junction	random hexamer	4	0.23391563628525738	0.0005351687098343327
ENSMUSG00000030451.17:B1	exon	poly(dT)	2	0.06811431103867316	-0.07293739220085277
ENSMUSG00000030451.17:B1	exon	random hexamer	2	0.05523599124623496	-0.11663537851037849
ENSMUSG00000030757.14:B1	exon	poly(dT)	1	0.14094448098586757	0.05598832034395454
ENSMUSG00000030779.17:B1	exon	poly(dT)	1	0.09570513935427276	0.11719238795452984
ENSMUSG00000030779.17:B1	exon	random hexamer	1	0.06900682982281449	0.08408956053130923
ENSMUSG00000030854.18:B1	exon	poly(dT)	2	0.11123840927184139	-0.1003881530487551
ENSMUSG00000030854.18:B1	exon	random hexamer	2	0.11118861162271088	-0.05145656966851979
ENSMUSG00000030854.18:B1	junction	random hexamer	2	0.11131588851349594	0.026370715571628837
ENSMUSG00000031292.15:B1	exon	poly(dT)	2	0.0594523879040989	-0.030704191197251388
ENSMUSG00000031511.17:B2	exon	random hexamer	1	0.27885644057322	0.2175077086646224
ENSMUSG00000031540.15:B1	exon	random hexamer	1	0.11892436292647435	0.49465528591781927
ENSMUSG00000031592.11:B1	exon	poly(dT)	1	0.08819809947385922	-0.2037515978812045
ENSMUSG00000031592.11:B1	exon	random hexamer	1	0.06275119695289823	0.08277082826181022
ENSMUSG00000031626.19:B1	exon	random hexamer	2	0.061316333160867514	-0.41524860609832687
ENSMUSG00000031626.19:B2	exon	poly(dT)	1	0.10302997417062036	0.23281907433380086
ENSMUSG00000031626.19:B2	exon	random hexamer	1	0.09538760214639752	0.3782729819087487
ENSMUSG00000031748.17:B1	exon	poly(dT)	2	0.24336944767966798	-0.05717487919759947
ENSMUSG00000031748.17:B1	exon	random hexamer	2	0.24865704557843174	0.007324033634184879
ENSMUSG00000031778.14:B1	exon	poly(dT)	1	0.09415446106722614	0.00239500332909595
ENSMUSG00000031778.14:B1	exon	random hexamer	1	0.1321467399943492	-0.08154997197108739
ENSMUSG00000031778.14:B2	exon	poly(dT)	4	0.07817851176097253	0.16076492952869337
ENSMUSG00000031778.14:B2	exon	random hexamer	3	0.12413823764329639	-0.030838141015539017
ENSMUSG00000031778.14:B2	junction	random hexamer	1	0.05880006292627133	0.0
ENSMUSG00000031822.21:B1	exon	random hexamer	3	0.13785351764779202	-0.01746635859546843
ENSMUSG00000031833.11:B1	exon	random hexamer	3	0.17171198527770118	0.011547553160728113
ENSMUSG00000031833.11:B1	junction	random hexamer	2	0.15981137392957628	0.25529391179797684
ENSMUSG00000031865.17:B1	exon	poly(dT)	9	0.16887977801509332	0.0031115557150384696
ENSMUSG00000031865.17:B1	exon	random hexamer	9	0.19458158367489203	0.12102815005120084
ENSMUSG00000031865.17:B1	junction	poly(dT)	1	0.18846243476070298	-0.1970837321286615
ENSMUSG00000031865.17:B1	junction	random hexamer	7	0.17479059501890817	0.05153483762354729
ENSMUSG00000031865.17:B2	exon	random hexamer	1	0.19005143236862213	-0.06495972396628454
ENSMUSG00000031865.17:B2	junction	random hexamer	3	0.1673367160827727	-0.004867292559355353
ENSMUSG00000031865.17:B3	exon	random hexamer	1	0.2157796014489395	0.0
ENSMUSG00000031996.18:B1	exon	random hexamer	1	0.1830039005972146	0.24768320372003583
ENSMUSG00000032009.9:B1	exon	random hexamer	2	0.09125603208109842	0.02900160416269836
ENSMUSG00000032009.9:B2	exon	poly(dT)	1	0.16426947707514916	0.1474496352893519
ENSMUSG00000032009.9:B2	exon	random hexamer	1	0.17298250539004545	-0.11880507409340406
ENSMUSG00000032011.6:B1	exon	poly(dT)	2	0.16192580639521148	0.2725051567879951
ENSMUSG00000032011.6:B1	exon	random hexamer	2	0.10906162811175246	0.046889761402859644
ENSMUSG00000032011.6:B1	junction	random hexamer	1	0.10906162811175248	-0.09010971418586324
ENSMUSG00000032186.16:B1	exon	poly(dT)	4	0.12552425294075037	0.08708589034069068
ENSMUSG00000032186.16:B1	exon	random hexamer	4	0.2569425568005651	-0.08302255763794465
ENSMUSG00000032186.16:B1	junction	poly(dT)	2	0.1224941293082202	0.0777777777777778
ENSMUSG00000032186.16:B1	junction	random hexamer	3	0.17244285046635324	-0.022871994801819364
ENSMUSG00000032186.16:B2	exon	random hexamer	2	0.15369266897816372	0.005808857413072528
ENSMUSG00000032187.17:B2	exon	random hexamer	1	0.08816339119843379	-0.008319246390482649
ENSMUSG00000032216.16:B1	exon	poly(dT)	2	0.1813879249858738	0.08350104341969052
ENSMUSG00000032216.16:B1	exon	random hexamer	2	0.1712589241506503	0.17952443255065195
ENSMUSG00000032336.18:B1	exon	poly(dT)	5	0.08215802255737382	0.040516310800740495
ENSMUSG00000032336.18:B1	exon	random hexamer	1	0.06948196718726452	-0.10437043347792094
ENSMUSG00000032336.18:B1	junction	poly(dT)	1	0.06766965348968938	-0.002544529262086518
ENSMUSG00000032356.13:B2	exon	poly(dT)	28	0.06559500791685627	0.026242996859844676
ENSMUSG00000032356.13:B2	exon	random hexamer	28	0.05077470488195062	0.11675644159484445
ENSMUSG00000032356.13:B2	junction	random hexamer	1	0.05641171469737227	0.0
ENSMUSG00000032405.11:B1	exon	random hexamer	1	0.16459022882460708	-0.12501544824079744
ENSMUSG00000032407.15:B1	exon	poly(dT)	1	0.08557482160831863	0.011867905056759533
ENSMUSG00000032407.15:B1	exon	random hexamer	1	0.09459198605456241	-0.014777090316085099
ENSMUSG00000032503.19:B1	exon	poly(dT)	6	0.20694361307695908	0.0038958144354852195
ENSMUSG00000032503.19:B1	exon	random hexamer	6	0.19729818122011913	0.1757086543426463
ENSMUSG00000032503.19:B1	junction	poly(dT)	3	0.29419690374941015	0.061031915796621705
ENSMUSG00000032503.19:B1	junction	random hexamer	2	0.1518706725004701	0.24460082401258873
ENSMUSG00000032503.19:B2	exon	poly(dT)	18	0.29459341525175636	0.040003888374457265
ENSMUSG00000032503.19:B2	exon	random hexamer	18	0.2961068886460503	0.27789781154587845
ENSMUSG00000032503.19:B2	junction	poly(dT)	6	0.2507283800030014	0.18271199895497095
ENSMUSG00000032503.19:B2	junction	random hexamer	7	0.23474439732959787	0.09790087596358361
ENSMUSG00000032549.8:B1	exon	random hexamer	1	0.19707018056201972	-0.03835768967007621
ENSMUSG00000032621.9:B1	exon	random hexamer	3	0.17523888151681558	0.09939064049630021
ENSMUSG00000032777.10:B1	exon	random hexamer	1	0.11144674405848258	0.10093582726901122
ENSMUSG00000032827.16:B1	exon	poly(dT)	2	0.0679778628922443	0.0
ENSMUSG00000032827.16:B1	exon	random hexamer	2	0.06443128351268697	0.02615702841301638
ENSMUSG00000032936.14:B1	exon	poly(dT)	2	0.26782547885918895	-0.06666320302818461
ENSMUSG00000032936.14:B1	exon	random hexamer	2	0.35779696283207973	-0.05244558397136717
ENSMUSG00000032936.14:B1	junction	random hexamer	1	0.2607213002813918	-0.016666666666666673
ENSMUSG00000032998.17:B2	exon	random hexamer	2	0.08647711771350343	0.0
ENSMUSG00000033065.15:B1	exon	random hexamer	3	0.16124165690238532	-0.03157981524635755
ENSMUSG00000033066.18:B1	exon	poly(dT)	3	0.06605119275264017	-0.20577737730574017
ENSMUSG00000033066.18:B1	exon	random hexamer	5	0.0970653833238689	-0.0018311780908150097
ENSMUSG00000033066.18:B1	junction	random hexamer	3	0.08997749441078036	0.0009215873823043933
ENSMUSG00000033419.17:B4	exon	random hexamer	1	0.07251813890899372	-0.011653286728947887
ENSMUSG00000033565.19:B2	exon	poly(dT)	2	0.06970973055926624	-0.05991617163254036
ENSMUSG00000033565.19:B2	exon	random hexamer	2	0.07205176368014264	-0.04270099663176414
ENSMUSG00000033565.19:B2	junction	poly(dT)	2	0.05798998389533215	0.19444444444444445
ENSMUSG00000033565.19:B2	junction	random hexamer	2	0.07063492340191514	0.002348612668530114
ENSMUSG00000033565.19:B4	exon	poly(dT)	2	0.0765749592735421	0.15940836121924526
ENSMUSG00000033565.19:B4	exon	random hexamer	2	0.11254358867142919	0.012449740743347745
ENSMUSG00000033569.18:B1	exon	random hexamer	3	0.13931916084585375	0.27839555250898096
ENSMUSG00000033569.18:B2	exon	poly(dT)	1	0.05465568460624213	-0.23578761425977088
ENSMUSG00000033597.10:B1	exon	random hexamer	1	0.12027185945698543	0.10419316339295528
ENSMUSG00000033676.14:B1	exon	random hexamer	3	0.09983029781449006	-0.06899815070866704
ENSMUSG00000033720.13:B1	exon	poly(dT)	3	0.2721808366475697	0.018492943721889085
ENSMUSG00000033720.13:B1	exon	random hexamer	3	0.13486473998956558	0.14808392241955332
ENSMUSG00000033768.18:B1	exon	random hexamer	20	0.14821783273744502	0.045689423369262315
ENSMUSG00000033768.18:B1	junction	random hexamer	1	0.06048745981106629	-0.08333333333333333
ENSMUSG00000033768.18:B2	exon	random hexamer	1	0.11542266003333539	0.14378734966855009
ENSMUSG00000033768.18:B2	junction	random hexamer	3	0.06219553432646772	-0.3065315372959345
ENSMUSG00000033808.17:B3	exon	poly(dT)	5	0.2824350019557802	0.190201401344615
ENSMUSG00000033981.15:B1	exon	poly(dT)	2	0.05816710459495935	0.1967209375495983
ENSMUSG00000033981.15:B1	exon	random hexamer	2	0.07880509187284526	-0.034599077666483305
ENSMUSG00000033981.15:B1	junction	poly(dT)	3	0.13010766511705144	-0.2558334122698999
ENSMUSG00000033981.15:B1	junction	random hexamer	2	0.08448051267312633	0.4046783625730994
ENSMUSG00000034269.13:B1	exon	random hexamer	2	0.10917286490862425	-0.22192898510117248
ENSMUSG00000034269.13:B1	junction	random hexamer	1	0.12247944065431625	0.0
ENSMUSG00000034275.20:B1	exon	random hexamer	1	0.10465258093591648	-0.07439139023261619
ENSMUSG00000034353.15:B1	exon	random hexamer	2	0.07535396414082905	-0.3714840714840715
ENSMUSG00000034390.17:B1	exon	poly(dT)	2	0.1823212939821961	0.017900387748241223
ENSMUSG00000034390.17:B1	exon	random hexamer	2	0.20141469646483665	-0.033971293640945026
ENSMUSG00000034390.17:B1	junction	poly(dT)	2	0.16843994454888767	0.05555555555555556
ENSMUSG00000034593.17:B1	exon	random hexamer	1	0.1210613047762303	-0.06588072122052706
ENSMUSG00000034656.19:B3	exon	poly(dT)	1	0.050640063901346656	0.20806798948650032
ENSMUSG00000034675.18:B1	exon	random hexamer	1	0.08062887535864027	-0.3489631148995754
ENSMUSG00000034723.12:B1	exon	poly(dT)	1	0.1451094238095242	0.2686946755311037
ENSMUSG00000034730.18:B1	exon	random hexamer	19	0.2455548540181977	0.061471443958133955
ENSMUSG00000034730.18:B1	junction	random hexamer	10	0.18538377285686866	-0.027628023007614577
ENSMUSG00000034730.18:B2	exon	poly(dT)	1	0.08293737753756376	0.14034095947503766
ENSMUSG00000034730.18:B2	exon	random hexamer	1	0.08268064492937968	0.0038664125894517
ENSMUSG00000034799.17:B1	exon	random hexamer	1	0.15206458469604806	0.18594789845906512
ENSMUSG00000034832.16:B1	exon	random hexamer	3	0.06070125577904368	0.1637651441662152
ENSMUSG00000034902.18:B1	exon	poly(dT)	1	0.11143075615249554	-0.2296627655993669
ENSMUSG00000034902.18:B1	exon	random hexamer	1	0.1488912601948174	0.03482118538397058
ENSMUSG00000035011.16:B1	exon	random hexamer	3	0.07247932323295145	0.02879991199529332
ENSMUSG00000035545.14:B1	exon	poly(dT)	1	0.1019341265774869	0.3515252096005313
ENSMUSG00000035545.14:B1	exon	random hexamer	1	0.07640549944941216	0.41275876684429225
ENSMUSG00000035649.18:B1	exon	poly(dT)	7	0.1436809832058188	0.09750096207801483
ENSMUSG00000035649.18:B1	exon	random hexamer	7	0.07550969721084466	0.008416427138675544
ENSMUSG00000035863.15:B1	exon	poly(dT)	1	0.17735200361077907	0.3075766299669581
ENSMUSG00000035863.15:B1	exon	random hexamer	1	0.22436700659210848	0.04620775368675008
ENSMUSG00000035863.15:B2	exon	random hexamer	4	0.1395254641965955	0.22545715490439663
ENSMUSG00000035864.15:B1	exon	poly(dT)	1	0.1464939721109843	0.0
ENSMUSG00000035864.15:B1	exon	random hexamer	1	0.15339644424089252	0.0
ENSMUSG00000035969.16:B1	exon	random hexamer	1	0.05971244553603857	0.15322061322820507
ENSMUSG00000035969.16:B1	junction	random hexamer	2	0.07784457645353562	0.6798220298220299
ENSMUSG00000036054.16:B1	exon	poly(dT)	1	0.12978525772591984	-0.18913877013405964
ENSMUSG00000036095.12:B1	exon	poly(dT)	2	0.20269018105396347	-0.05554533068040063
ENSMUSG00000036095.12:B1	exon	random hexamer	2	0.2798776153716783	0.007916517394965978
ENSMUSG00000036095.12:B1	junction	poly(dT)	2	0.3070781543943042	0.05791804489068943
ENSMUSG00000036333.12:B1	exon	poly(dT)	1	0.11748373075481587	-0.12483660609186553
ENSMUSG00000036333.12:B1	exon	random hexamer	1	0.0853453826911265	0.29990865162865715
ENSMUSG00000036564.18:B1	exon	poly(dT)	4	0.07219215252804156	0.3276471541639236
ENSMUSG00000036564.18:B1	exon	random hexamer	4	0.12422861437208313	-0.06976966354821079
ENSMUSG00000036564.18:B1	junction	random hexamer	3	0.10090689619056005	-0.07939233605900274
ENSMUSG00000036591.17:B1	exon	poly(dT)	2	0.06938811803725553	0.1439115727736666
ENSMUSG00000036591.17:B1	exon	random hexamer	2	0.08789307686979057	-0.09738204384093288
ENSMUSG00000036591.17:B4	exon	poly(dT)	1	0.06174122548035071	0.09947905545427654
ENSMUSG00000036591.17:B4	exon	random hexamer	1	0.07851419610883091	-0.03814449780560717
ENSMUSG00000036617.18:B1	exon	random hexamer	6	0.0869140144597653	0.159010227788602
ENSMUSG00000036617.18:B1	junction	random hexamer	2	0.0924569136146729	0.30806878306878305
ENSMUSG00000036622.16:B1	exon	random hexamer	1	0.1775723892288372	0.3201264302140511
ENSMUSG00000036667.15:B1	exon	random hexamer	2	0.1150155497614229	0.0323111113285455
ENSMUSG00000036882.8:B1	exon	random hexamer	4	0.095079170596924	-0.036485998861667486
ENSMUSG00000036882.8:B2	exon	random hexamer	18	0.11116324099119385	0.07348130723226126
ENSMUSG00000036882.8:B2	junction	random hexamer	6	0.12844292550484124	-0.012797619047619044
ENSMUSG00000037386.17:B1	junction	poly(dT)	1	0.0725879763465181	0.0
ENSMUSG00000037386.17:B1	junction	random hexamer	1	0.0595930961846096	-0.015151515151515133
ENSMUSG00000037428.15:B1	exon	random hexamer	1	0.15911990565326345	0.0
ENSMUSG00000037487.8:B1	exon	random hexamer	1	0.17519377169794534	0.021506101875865068
ENSMUSG00000037541.23:B1	exon	random hexamer	16	0.2005698185130083	0.052228060994796065
ENSMUSG00000037541.23:B1	junction	random hexamer	4	0.1860165066672146	-0.049880344674395005
ENSMUSG00000037541.23:B3	exon	random hexamer	1	0.06901438980706989	0.036951152255038734
ENSMUSG00000037605.17:B3	exon	random hexamer	3	0.08691397254282017	0.07411870286642186
ENSMUSG00000037608.17:B1	exon	random hexamer	1	0.13319166084150358	-0.024393062134997624
ENSMUSG00000037703.15:B1	exon	random hexamer	2	0.10026794453324289	-0.037545519045278634
ENSMUSG00000037703.15:B1	junction	random hexamer	1	0.09203543593550982	0.0
ENSMUSG00000037754.14:B1	exon	random hexamer	4	0.25693829093278525	-0.011681660416339695
ENSMUSG00000037876.18:B1	exon	random hexamer	3	0.05465675798467771	0.13943517707255898
ENSMUSG00000037989.16:B3	exon	random hexamer	1	0.06857392052399128	0.08621975611828757
ENSMUSG00000037989.16:B5	exon	random hexamer	4	0.11443650531982655	0.0015940738574317104
ENSMUSG00000037989.16:B5	junction	random hexamer	5	0.1837808052024744	0.16200561972427302
ENSMUSG00000037989.16:B6	exon	random hexamer	4	0.10431603090820553	0.07310685113719116
ENSMUSG00000038034.16:B1	exon	random hexamer	6	0.2920006210937384	0.3138270007904898
ENSMUSG00000038143.17:B1	exon	random hexamer	2	0.11385447714596103	0.010215995229197791
ENSMUSG00000038170.16:B1	exon	poly(dT)	9	0.0717555665014812	0.0786596272033418
ENSMUSG00000038170.16:B1	exon	random hexamer	9	0.09049236464279153	-0.15409963988373282
ENSMUSG00000038170.16:B1	junction	random hexamer	3	0.05748636041020941	-0.004781417295378932
ENSMUSG00000038296.15:B1	exon	random hexamer	1	0.06332181550155791	-0.30498759517495083
ENSMUSG00000038342.16:B1	exon	random hexamer	1	0.1916565666101723	0.0991779926627766
ENSMUSG00000038453.18:B1	exon	random hexamer	4	0.12172566092383348	0.0013546435186133597
ENSMUSG00000038453.18:B1	junction	random hexamer	1	0.07477968352424677	-0.13378517316017313
ENSMUSG00000038453.18:B2	exon	poly(dT)	4	0.12145478535305142	0.18613977932399842
ENSMUSG00000038453.18:B2	exon	random hexamer	3	0.14189362544658538	-0.14364907010101693
ENSMUSG00000038453.18:B2	junction	random hexamer	4	0.172716135397448	-0.04043880837359098
ENSMUSG00000038615.18:B1	exon	random hexamer	2	0.07710112740918675	-0.09139009932512027
ENSMUSG00000038615.18:B1	junction	poly(dT)	2	0.08060247905313114	0.07407407407407407
ENSMUSG00000038738.16:B1	exon	random hexamer	1	0.09787890162927297	0.4359051907361673
ENSMUSG00000038914.16:B1	exon	random hexamer	2	0.09730868440278184	0.060319208598002855
ENSMUSG00000038914.16:B2	exon	poly(dT)	12	0.1570217242976783	0.1291684579108098
ENSMUSG00000038914.16:B2	exon	random hexamer	12	0.08995638495239733	0.024763037317867328
ENSMUSG00000039000.9:B1	exon	poly(dT)	1	0.21670007940170075	0.027061067111839598
ENSMUSG00000039000.9:B1	exon	random hexamer	1	0.2958158662249946	-0.16668287727108086
ENSMUSG00000039218.18:B1	exon	poly(dT)	1	0.13038776396652832	0.091301292864179
ENSMUSG00000039218.18:B1	exon	random hexamer	1	0.2288069184744681	0.06334285942312624
ENSMUSG00000039585.16:B2	exon	poly(dT)	1	0.1368665686709083	-0.17185993878184533
ENSMUSG00000039671.19:B1	exon	poly(dT)	3	0.15125763364899827	0.025125661335955365
ENSMUSG00000039671.19:B1	exon	random hexamer	3	0.10189637839588085	0.002820820314943177
ENSMUSG00000039671.19:B1	junction	poly(dT)	2	0.06803850550111536	0.1440924539527024
ENSMUSG00000039671.19:B1	junction	random hexamer	2	0.0638534215310424	0.07180555555555557
ENSMUSG00000039686.15:B1	exon	random hexamer	1	0.22376069573040663	0.25737629181217
ENSMUSG00000039735.17:B1	exon	poly(dT)	2	0.18780038490148696	-0.1916799184991881
ENSMUSG00000039735.17:B1	exon	random hexamer	2	0.12822947355180986	0.2669916317700964
ENSMUSG00000039735.17:B1	junction	poly(dT)	1	0.11482456883886707	0.022727272727272724
ENSMUSG00000039852.18:B1	exon	random hexamer	8	0.14491939808596652	0.21647927800065683
ENSMUSG00000039943.17:B1	exon	random hexamer	2	0.05838555122789099	-0.11970500763604212
ENSMUSG00000039959.14:B1	exon	random hexamer	3	0.08080058999128707	0.12396300734876388
ENSMUSG00000039967.15:B1	exon	poly(dT)	1	0.06712834023787592	-0.18714527573143613
ENSMUSG00000039967.15:B1	exon	random hexamer	1	0.1305374061290102	0.39280098595359964
ENSMUSG00000040003.19:B1	exon	poly(dT)	7	0.20644632532531793	0.2775080768331891
ENSMUSG00000040003.19:B1	exon	random hexamer	7	0.22409675185392808	0.29445231592673854
ENSMUSG00000040003.19:B1	junction	random hexamer	5	0.17997217267419802	0.0833887611648433
ENSMUSG00000040003.19:B2	exon	poly(dT)	1	0.05737894991679752	0.0
ENSMUSG00000040003.19:B2	exon	random hexamer	2	0.1767267775630017	0.07729894535376246
ENSMUSG00000040003.19:B3	exon	random hexamer	5	0.19336868711222088	0.061949765928679776
ENSMUSG00000040003.19:B3	junction	random hexamer	1	0.20253952432905553	0.08921513269339354
ENSMUSG00000040035.15:B1	exon	random hexamer	1	0.0584895187989638	0.08399611279138228
ENSMUSG00000040037.14:B1	exon	poly(dT)	1	0.0806401289867001	0.0
ENSMUSG00000040037.14:B1	exon	random hexamer	1	0.060522221036814226	0.19939151318560797
ENSMUSG00000040054.18:B2	exon	random hexamer	1	0.11832869831908477	0.29723350873247745
ENSMUSG00000040097.17:B1	exon	random hexamer	2	0.109950013278248	-0.2074896750415049
ENSMUSG00000040111.18:B1	exon	poly(dT)	3	0.17252713440538883	-0.10489282568230013
ENSMUSG00000040111.18:B1	exon	random hexamer	4	0.14877649178793734	0.01817086948584181
ENSMUSG00000040111.18:B1	junction	random hexamer	3	0.1665433667800131	-0.025719871922277298
ENSMUSG00000040111.18:B2	exon	random hexamer	1	0.2658035964377668	0.3819567264345961
ENSMUSG00000040111.18:B2	junction	random hexamer	1	0.2020397672947151	-0.019599723947550014
ENSMUSG00000040225.16:B1	exon	poly(dT)	1	0.09525157813804767	-0.10400960831803747
ENSMUSG00000040225.16:B1	exon	random hexamer	1	0.052263906604091574	0.07082258284183438
ENSMUSG00000040249.16:B1	exon	poly(dT)	1	0.06772950079422782	0.19524967398362347
ENSMUSG00000040249.16:B1	exon	random hexamer	1	0.1086398161530084	0.13745959929624652
ENSMUSG00000040276.16:B1	exon	random hexamer	6	0.12262306498045017	0.08451939161386951
ENSMUSG00000040276.16:B1	junction	random hexamer	2	0.18108719603137408	-0.056625182372690715
ENSMUSG00000040479.13:B1	exon	random hexamer	2	0.08502093696949381	0.43220783642597177
ENSMUSG00000040479.13:B2	exon	poly(dT)	2	0.08560000316474917	-0.023133049414831797
ENSMUSG00000040479.13:B2	exon	random hexamer	2	0.2248374008546259	0.15712067262566104
ENSMUSG00000040537.18:B1	exon	random hexamer	2	0.05976483054047238	-0.16840284203975833
ENSMUSG00000040640.12:B1	exon	poly(dT)	2	0.22583349537615116	0.0
ENSMUSG00000040640.12:B1	exon	random hexamer	2	0.2992746544304885	0.08809055118110237
ENSMUSG00000040640.12:B1	junction	random hexamer	3	0.09564869228662261	-0.26382575322486773
ENSMUSG00000040712.17:B1	exon	random hexamer	1	0.07534613534482529	-0.11657436365449958
ENSMUSG00000040712.17:B2	exon	random hexamer	1	0.07953137923844095	0.087317331395105
ENSMUSG00000040712.17:B2	junction	random hexamer	1	0.07041383611703773	0.0
ENSMUSG00000040712.17:B3	exon	random hexamer	1	0.09098547472874492	-0.034835961222289526
ENSMUSG00000040797.17:B1	exon	random hexamer	10	0.2335945532139582	-0.009251010250478739
ENSMUSG00000040797.17:B1	junction	random hexamer	5	0.24341336581688683	-0.016400059613678436
ENSMUSG00000040860.17:B1	exon	random hexamer	3	0.1450251789675079	-0.09319565894430587
ENSMUSG00000040860.17:B2	exon	random hexamer	2	0.10393789512486036	0.08433632550250048
ENSMUSG00000040860.17:B3	exon	poly(dT)	1	0.10232759388855006	-0.008140560433588054
ENSMUSG00000040860.17:B3	exon	random hexamer	1	0.1512777035050063	0.2
ENSMUSG00000040943.13:B1	exon	random hexamer	1	0.09564598588127893	0.0
ENSMUSG00000041014.18:B1	exon	random hexamer	1	0.07957060267113099	0.02871415186561475
ENSMUSG00000041351.17:B1	exon	random hexamer	4	0.09291310614152094	-0.10729118261184341
ENSMUSG00000041444.15:B1	exon	poly(dT)	11	0.1453701707075744	-0.059204117875716576
ENSMUSG00000041645.15:B1	exon	random hexamer	1	0.051255791664922966	0.046212287237928265
ENSMUSG00000041670.20:B1	junction	poly(dT)	2	0.1399922169713315	-0.11161500362628182
ENSMUSG00000041670.20:B1	junction	random hexamer	7	0.15916546682984653	-0.023120671321056826
ENSMUSG00000041670.20:B2	exon	random hexamer	2	0.09414486829861984	0.0843160011338283
ENSMUSG00000041936.19:B2	exon	random hexamer	17	0.05422402329318281	0.018317703818705004
ENSMUSG00000041936.19:B2	junction	random hexamer	3	0.05563389031677326	0.03297414940211189
ENSMUSG00000042548.15:B1	exon	random hexamer	1	0.13428182711889675	0.08998022412656558
ENSMUSG00000042589.19:B1	exon	random hexamer	4	0.14781784333151682	0.12452647734475908
ENSMUSG00000042700.17:B1	exon	poly(dT)	3	0.057624764547687446	-0.020181927340526703
ENSMUSG00000042700.17:B1	exon	random hexamer	3	0.0943924888546986	-0.01350911342777412
ENSMUSG00000043079.18:B1	exon	random hexamer	4	0.07901758533535207	-0.00739126636643991
ENSMUSG00000045038.15:B1	exon	random hexamer	1	0.18383417603669652	0.0
ENSMUSG00000045103.20:B1	exon	poly(dT)	63	0.11157695700861062	0.3575877434697674
ENSMUSG00000045103.20:B1	exon	random hexamer	63	0.24100150015922897	0.409593299269766
ENSMUSG00000045103.20:B2	exon	poly(dT)	1	0.06181575833251834	-0.05427706531978621
ENSMUSG00000045103.20:B2	exon	random hexamer	1	0.09836257907138699	-0.4219012344409276
ENSMUSG00000045114.11:B1	exon	random hexamer	1	0.06387121287818757	-0.059557060706470814
ENSMUSG00000045482.17:B3	exon	random hexamer	1	0.12349137436824438	-0.5376338065448626
ENSMUSG00000045482.17:B3	junction	random hexamer	1	0.09299697852718698	0.1135190918472652
ENSMUSG00000045983.17:B1	exon	random hexamer	5	0.06539903434523117	-0.016077862522857787
ENSMUSG00000045983.17:B1	junction	random hexamer	6	0.06914970835348704	-0.11516202123069984
ENSMUSG00000045983.17:B5	exon	poly(dT)	1	0.07840897191013285	0.2876084483323175
ENSMUSG00000045994.18:B1	exon	random hexamer	2	0.06293161508629205	-0.2004947239563378
ENSMUSG00000046709.19:B1	exon	poly(dT)	4	0.16628057162557605	0.07855014955631667
ENSMUSG00000046709.19:B1	exon	random hexamer	8	0.16818026042490683	0.18193129839513492
ENSMUSG00000046709.19:B1	junction	random hexamer	1	0.1107854345608193	0.0
ENSMUSG00000046709.19:B2	exon	random hexamer	7	0.19710685545130652	0.017566622144172643
ENSMUSG00000046709.19:B2	junction	random hexamer	2	0.15980069091114807	0.058311634018155756
ENSMUSG00000046876.17:B1	exon	random hexamer	1	0.06247457294705487	-0.20606998902382873
ENSMUSG00000047193.17:B2	exon	poly(dT)	2	0.19166274405442013	0.10664465746500118
ENSMUSG00000047417.19:B1	exon	random hexamer	5	0.10831799592470592	-0.07562371859947256
ENSMUSG00000047417.19:B2	exon	random hexamer	1	0.08604956941361125	0.07187345878309323
ENSMUSG00000048078.17:B1	exon	poly(dT)	2	0.05314173880558434	0.020955607044799027
ENSMUSG00000048078.17:B1	exon	random hexamer	2	0.1799903547151625	-0.07419978770291909
ENSMUSG00000048078.17:B1	junction	random hexamer	2	0.07852119956128312	-0.10396825396825395
ENSMUSG00000048251.16:B1	exon	poly(dT)	1	0.15487505214783975	0.0
ENSMUSG00000048271.15:B1	exon	random hexamer	1	0.10820921561708519	-0.27072959637068245
ENSMUSG00000049044.17:B1	exon	poly(dT)	6	0.19396157340935835	0.22276025610462605
ENSMUSG00000049044.17:B1	exon	random hexamer	6	0.24133897424852305	0.20411359835959167
ENSMUSG00000049044.17:B1	junction	random hexamer	3	0.121268520960873	-0.005050505050505046
ENSMUSG00000049044.17:B2	exon	poly(dT)	1	0.46259907209730206	-0.0157772756110451
ENSMUSG00000049044.17:B2	exon	random hexamer	1	0.5691756270936313	-0.14954310840324
ENSMUSG00000049044.17:B2	junction	random hexamer	3	0.3464039615803063	-0.05270343810605832
ENSMUSG00000049583.16:B1	exon	random hexamer	4	0.08611995667220762	0.08106808843320801
ENSMUSG00000049583.16:B1	junction	poly(dT)	1	0.11670897321856488	0.0661954060611038
ENSMUSG00000049583.16:B1	junction	random hexamer	2	0.20665993554193987	0.0833638418037395
ENSMUSG00000049583.16:B2	exon	random hexamer	1	0.06481160355301312	0.08204524124396549
ENSMUSG00000049583.16:B2	junction	random hexamer	2	0.12960706640505715	0.03078258547008548
ENSMUSG00000050334.14:B1	exon	poly(dT)	6	0.08010167423031568	0.06901045420304885
ENSMUSG00000050334.14:B1	exon	random hexamer	6	0.09500039857586955	0.09416817940471199
ENSMUSG00000050334.14:B2	exon	poly(dT)	1	0.07149574935525335	0.3390123697866934
ENSMUSG00000050334.14:B2	exon	random hexamer	1	0.0789557671740791	0.0837414117528553
ENSMUSG00000050334.14:B3	exon	poly(dT)	1	0.0655218879941607	0.26254033668986426
ENSMUSG00000050334.14:B3	exon	random hexamer	6	0.08122359117998114	0.015317169006678726
ENSMUSG00000050556.10:B1	exon	poly(dT)	2	0.1207873106936503	0.014849300896130966
ENSMUSG00000050556.10:B1	exon	random hexamer	2	0.067836006058492	0.14783848496532398
ENSMUSG00000050812.19:B2	exon	poly(dT)	41	0.14840580723708124	0.06364275195424356
ENSMUSG00000050812.19:B2	exon	random hexamer	41	0.059710885971328696	0.14788112216799312
ENSMUSG00000050812.19:B2	junction	poly(dT)	2	0.07129708001512383	0.0
ENSMUSG00000051177.17:B1	exon	random hexamer	1	0.15196422817621397	-0.08004827553889296
ENSMUSG00000051586.18:B2	exon	random hexamer	2	0.07536757310755132	-0.1437377538136533
ENSMUSG00000051674.16:B1	exon	poly(dT)	3	0.12425350194869762	0.06794569796203227
ENSMUSG00000051674.16:B1	exon	random hexamer	3	0.16396221733933034	0.04843892812889903
ENSMUSG00000051674.16:B1	junction	random hexamer	2	0.2763311149300438	0.13543417366946778
ENSMUSG00000051790.16:B1	exon	random hexamer	2	0.15861942348296182	-0.1683592021367626
ENSMUSG00000052512.18:B1	exon	poly(dT)	3	0.11145278160521989	-0.026465634714003
ENSMUSG00000052512.18:B1	exon	random hexamer	3	0.1345624953763187	0.012083256673875406
ENSMUSG00000052512.18:B1	junction	poly(dT)	2	0.16077408605165067	0.10271672771672771
ENSMUSG00000052572.20:B1	exon	random hexamer	15	0.20047588035489827	0.07602422244742556
ENSMUSG00000052572.20:B1	junction	poly(dT)	1	0.15662841409427464	0.0
ENSMUSG00000052572.20:B1	junction	random hexamer	4	0.16609289212412445	0.0923611111111111
ENSMUSG00000052572.20:B2	exon	poly(dT)	3	0.08752224146847891	0.03433166657120125
ENSMUSG00000052572.20:B2	exon	random hexamer	3	0.1595674506600664	0.15362275913175918
ENSMUSG00000052572.20:B2	junction	random hexamer	2	0.16476076340520301	-0.014285714285714287
ENSMUSG00000052572.20:B3	exon	poly(dT)	2	0.17103373301460884	0.062039473659949385
ENSMUSG00000052572.20:B3	exon	random hexamer	2	0.2550068537536169	0.20686304292278074
ENSMUSG00000052727.7:B1	exon	random hexamer	3	0.06811031797492069	-0.04553091263425386
ENSMUSG00000052889.12:B1	exon	random hexamer	1	0.15174737897239823	0.13000896036065993
ENSMUSG00000053199.14:B1	exon	poly(dT)	2	0.26346679484048585	0.07122292337022627
ENSMUSG00000053199.14:B1	exon	random hexamer	2	0.2036585065865573	0.3261571003031527
ENSMUSG00000053877.13:B1	exon	random hexamer	6	0.12860536469966874	0.0033191025825740016
ENSMUSG00000053877.13:B1	junction	random hexamer	1	0.12416338943925544	0.022222222222222216
ENSMUSG00000053877.13:B2	exon	poly(dT)	1	0.07848519195948178	0.06624449777994568
ENSMUSG00000053877.13:B2	exon	random hexamer	1	0.06536215328356931	-0.008353071081912153
ENSMUSG00000053877.13:B3	exon	random hexamer	1	0.1236636495007128	0.2742796923956571
ENSMUSG00000054728.18:B1	exon	poly(dT)	5	0.10408280920017907	0.14443470667360161
ENSMUSG00000054728.18:B1	exon	random hexamer	5	0.11079264068275581	-0.10290669630850595
ENSMUSG00000054728.18:B1	junction	poly(dT)	1	0.05020250715954757	0.46746413308913315
ENSMUSG00000054728.18:B1	junction	random hexamer	4	0.12651335352814858	0.08730158730158728
ENSMUSG00000055065.8:B1	exon	poly(dT)	2	0.10078342826363602	-0.0050999750546692505
ENSMUSG00000055065.8:B1	exon	random hexamer	2	0.1230088492347805	0.11199713397710355
ENSMUSG00000055254.16:B1	exon	poly(dT)	3	0.3698641800003115	0.04136646634940444
ENSMUSG00000055254.16:B1	exon	random hexamer	3	0.3606757774985063	-0.035021406266102915
ENSMUSG00000055254.16:B1	junction	random hexamer	1	0.2423286789166343	-0.02634559884559886
ENSMUSG00000055254.16:B2	exon	poly(dT)	9	0.26615185732637264	0.12866437638356926
ENSMUSG00000055254.16:B2	exon	random hexamer	9	0.3643818493193416	0.2542331970381713
ENSMUSG00000055254.16:B2	junction	random hexamer	5	0.27799743015287975	0.2300793650793651
ENSMUSG00000055421.9:B1	exon	poly(dT)	4	0.13166289588961375	-0.07185838889406262
ENSMUSG00000055421.9:B1	exon	random hexamer	4	0.21799801568569177	-0.05012331842234288
ENSMUSG00000055421.9:B1	junction	poly(dT)	2	0.14397085797053724	-0.005681818181818177
ENSMUSG00000055447.20:B1	exon	poly(dT)	2	0.06730163441249201	-0.045596927594007276
ENSMUSG00000055447.20:B1	exon	random hexamer	2	0.062136192419563654	-0.04471510438091316
ENSMUSG00000056211.14:B1	exon	poly(dT)	12	0.056864976425258666	0.15721402476395077
ENSMUSG00000056211.14:B1	exon	random hexamer	12	0.21335579145534825	-0.05015060273025631
ENSMUSG00000056211.14:B1	junction	random hexamer	6	0.12687719772708558	-0.0036943988697475186
ENSMUSG00000056602.14:B1	exon	random hexamer	2	0.06938411674477733	0.17052065691550414
ENSMUSG00000056608.15:B1	exon	random hexamer	3	0.09677340749309493	-0.0689855488197032
ENSMUSG00000056608.15:B1	junction	random hexamer	1	0.0784554785127505	0.01286764705882354
ENSMUSG00000057378.16:B1	exon	random hexamer	2	0.07438390570163647	0.19931266027190683
ENSMUSG00000057378.16:B3	exon	poly(dT)	2	0.058184622355760926	0.1373389264408204
ENSMUSG00000057649.7:B1	exon	poly(dT)	1	0.0918933170947861	0.036415741032804705
ENSMUSG00000057649.7:B1	exon	random hexamer	1	0.10898689913186746	0.28954664139217073
ENSMUSG00000057738.15:B1	exon	poly(dT)	1	0.32876708063043697	-0.06800648048544951
ENSMUSG00000057738.15:B1	exon	random hexamer	1	0.145356272264946	-0.1641166835633788
ENSMUSG00000057738.15:B3	exon	poly(dT)	1	0.14770846450519287	-0.06307922671280126
ENSMUSG00000057738.15:B3	exon	random hexamer	1	0.21986408747047181	0.06255147834264585
ENSMUSG00000057738.15:B3	junction	random hexamer	3	0.10719318259618472	0.0
ENSMUSG00000057897.15:B1	exon	random hexamer	1	0.22727423837197785	0.13033903333117844
ENSMUSG00000058153.16:B1	exon	random hexamer	3	0.08642056503744688	-0.026063642089030965
ENSMUSG00000058153.16:B2	exon	random hexamer	4	0.1304233405975397	0.032406466040271385
ENSMUSG00000058297.17:B1	exon	poly(dT)	1	0.062295573900189534	0.035402905209284956
ENSMUSG00000058297.17:B1	exon	random hexamer	1	0.06791361152556008	0.20926571070950453
ENSMUSG00000058740.15:B1	exon	random hexamer	5	0.08417244061368104	0.025722621962158843
ENSMUSG00000058740.15:B4	exon	random hexamer	2	0.15874094283632917	0.07171419888316485
ENSMUSG00000058756.14:B1	exon	poly(dT)	1	0.17990019125229925	0.19829540869480314
ENSMUSG00000058756.14:B1	exon	random hexamer	1	0.28191350942752924	0.010180331750765936
ENSMUSG00000058799.17:B1	exon	poly(dT)	1	0.148060872169169	-0.11238954872865171
ENSMUSG00000058799.17:B1	exon	random hexamer	1	0.15948817631593115	0.05887761302369964
ENSMUSG00000058975.8:B1	exon	random hexamer	1	0.0851549714512797	0.023723557888837326
ENSMUSG00000059146.13:B1	exon	random hexamer	2	0.1459027021832033	0.017833738837108586
ENSMUSG00000061080.12:B1	exon	random hexamer	1	0.1714265383887014	-0.009840199739868027
ENSMUSG00000061576.16:B1	exon	poly(dT)	4	0.20456955036963786	0.023539789021641222
ENSMUSG00000061576.16:B1	exon	random hexamer	4	0.19446240189361017	0.2774704518104594
ENSMUSG00000061576.16:B1	junction	poly(dT)	3	0.18323823813659668	0.11672344410439646
ENSMUSG00000061576.16:B1	junction	random hexamer	4	0.12079658448168773	0.1548012173012173
ENSMUSG00000061578.10:B1	exon	random hexamer	1	0.09530502092118673	0.3015647947974833
ENSMUSG00000061601.16:B1	exon	poly(dT)	6	0.42764227456169107	0.26903867088309413
ENSMUSG00000061601.16:B1	exon	random hexamer	6	0.479573332707977	0.03930233652373675
ENSMUSG00000061601.16:B1	junction	poly(dT)	2	0.254230519592203	0.0
ENSMUSG00000061603.9:B1	exon	random hexamer	2	0.24161750067949145	-0.036236442428063745
ENSMUSG00000061603.9:B1	junction	random hexamer	1	0.18174772157371066	-0.025206662706662702
ENSMUSG00000061689.16:B1	exon	random hexamer	8	0.18132557146692088	0.05355200806689779
ENSMUSG00000061689.16:B1	junction	random hexamer	6	0.15159824268709612	0.02269220632381934
ENSMUSG00000061689.16:B2	exon	random hexamer	2	0.10443185140020081	0.16232492236399648
ENSMUSG00000061689.16:B2	junction	random hexamer	4	0.12871243446208724	0.3995072057572058
ENSMUSG00000061689.16:B3	exon	poly(dT)	1	0.07815137356664557	-0.02655191363983962
ENSMUSG00000061689.16:B3	exon	random hexamer	1	0.06817448623836003	-0.11323153807859615
ENSMUSG00000061689.16:B3	junction	random hexamer	2	0.05901104088739682	-0.16358256752993594
ENSMUSG00000061911.16:B1	exon	random hexamer	16	0.07872863461240735	-0.09539166903642562
ENSMUSG00000061911.16:B1	junction	poly(dT)	6	0.08027508812882776	-0.02234981834716465
ENSMUSG00000061911.16:B1	junction	random hexamer	12	0.07109513396659202	0.03459148807431123
ENSMUSG00000062044.17:B1	exon	random hexamer	3	0.07665273418198518	-0.19338662668354076
ENSMUSG00000062044.17:B3	exon	poly(dT)	1	0.07091602863102414	-0.3817134407280918
ENSMUSG00000062044.17:B3	exon	random hexamer	1	0.10537337639086367	-0.02846932698034544
ENSMUSG00000062078.16:B2	exon	poly(dT)	2	0.22039502281913587	-0.01974256526943973
ENSMUSG00000062078.16:B2	exon	random hexamer	2	0.2429014995559796	0.3580860433662439
ENSMUSG00000062078.16:B2	junction	poly(dT)	2	0.1484756564650516	0.03935185185185185
ENSMUSG00000062115.16:B1	exon	random hexamer	4	0.1177718430493949	0.0011148417027109295
ENSMUSG00000062590.14:B1	exon	poly(dT)	2	0.10455263183173776	-0.03349885476539099
ENSMUSG00000062590.14:B1	exon	random hexamer	2	0.14551086455705892	0.1069726432115283
ENSMUSG00000062785.15:B2	exon	poly(dT)	1	0.09662811733844394	0.329872353094414
ENSMUSG00000062785.15:B2	exon	random hexamer	1	0.07324402976107838	0.35919220323394396
ENSMUSG00000062866.17:B1	exon	random hexamer	2	0.2343853988836825	-0.007306498783346132
ENSMUSG00000063077.16:B1	exon	poly(dT)	1	0.16133601200030512	-0.12291717264910901
ENSMUSG00000063077.16:B1	exon	random hexamer	2	0.11229646038784932	0.07539008202016377
ENSMUSG00000063077.16:B2	exon	poly(dT)	1	0.13570003604082764	0.12598284229841203
ENSMUSG00000063077.16:B2	exon	random hexamer	1	0.12682434767802128	0.5599478562192367
ENSMUSG00000063077.16:B2	junction	poly(dT)	3	0.13778025537450314	0.2636248969953423
ENSMUSG00000063077.16:B2	junction	random hexamer	3	0.09607441576567029	0.40318018315438336
ENSMUSG00000063646.19:B2	junction	poly(dT)	1	0.056851113700917444	-0.15384615384615385
ENSMUSG00000063870.13:B1	exon	poly(dT)	1	0.09227358339006872	0.0706929074878384
ENSMUSG00000063870.13:B1	exon	random hexamer	1	0.08523623725697398	-0.04857463582867042
ENSMUSG00000064043.16:B1	exon	random hexamer	6	0.25954712676734476	0.024468946210347304
ENSMUSG00000064043.16:B1	junction	poly(dT)	1	0.10403600591462836	-0.2424430641821946
ENSMUSG00000064043.16:B1	junction	random hexamer	1	0.20563610779421837	0.0
ENSMUSG00000065954.12:B1	exon	poly(dT)	1	0.36278146271319195	0.0
ENSMUSG00000065954.12:B1	exon	random hexamer	1	0.24244348601792423	-0.23566081897527358
ENSMUSG00000066036.15:B1	exon	random hexamer	1	0.11166428244752352	0.32213533238129133
ENSMUSG00000066129.18:B1	exon	random hexamer	1	0.05451293610339301	-0.24139460156636883
ENSMUSG00000067629.14:B1	exon	poly(dT)	1	0.2901304413697768	0.2583381050623948
ENSMUSG00000067629.14:B1	exon	random hexamer	5	0.2149384778757772	-0.031242719536402692
ENSMUSG00000067629.14:B1	junction	random hexamer	2	0.20118748075401244	0.06497334946721724
ENSMUSG00000068151.9:B1	exon	random hexamer	1	0.18530395981335207	0.0005983148154563491
ENSMUSG00000068373.16:B2	exon	random hexamer	1	0.0532663080860848	-0.2970426675370698
ENSMUSG00000068923.15:B1	exon	poly(dT)	3	0.16569978499963564	-0.03337227767387417
ENSMUSG00000068923.15:B1	exon	random hexamer	3	0.25871021006912387	0.03543606363695394
ENSMUSG00000068923.15:B1	junction	poly(dT)	3	0.10347686459249227	0.0
ENSMUSG00000068923.15:B1	junction	random hexamer	1	0.10846675293675188	0.0
ENSMUSG00000069729.15:B1	exon	random hexamer	2	0.11011793724725302	0.18932536438990538
ENSMUSG00000069729.15:B2	exon	random hexamer	1	0.15643961110063834	-0.17206504392968625
ENSMUSG00000069729.15:B2	junction	random hexamer	1	0.09896106376497824	0.0
ENSMUSG00000069729.15:B3	exon	random hexamer	1	0.15643951339475204	-0.20433274981166968
ENSMUSG00000070000.14:B1	exon	random hexamer	3	0.06351749656901874	0.042781019041905045
ENSMUSG00000071337.12:B1	exon	random hexamer	1	0.17566185157391004	-0.04801182441825158
ENSMUSG00000072825.12:B2	exon	random hexamer	2	0.09113412470640476	-0.10166202912453288
ENSMUSG00000072825.12:B3	exon	random hexamer	5	0.07566639211239623	-0.2401000331750051
ENSMUSG00000072825.12:B4	junction	random hexamer	2	0.05450898462241113	0.008522727272727284
ENSMUSG00000072825.12:B5	exon	random hexamer	1	0.06070606435649698	0.0
ENSMUSG00000075318.14:B1	exon	poly(dT)	2	0.11205807943400015	0.3393286723784817
ENSMUSG00000075318.14:B1	exon	random hexamer	1	0.10717601461459775	-0.05286571393376273
ENSMUSG00000075318.14:B1	junction	poly(dT)	2	0.10698039719025315	0.4039262820512821
ENSMUSG00000075318.14:B1	junction	random hexamer	2	0.14717985310913678	-0.015527065527065547
ENSMUSG00000075318.14:B2	exon	random hexamer	2	0.09719426211835737	0.23632134464889795
ENSMUSG00000078307.4:B1	exon	poly(dT)	2	0.050449834202935834	0.1700911867835532
ENSMUSG00000085438.3:B1	exon	poly(dT)	1	0.06897050291497935	0.0
ENSMUSG00000085438.3:B1	exon	random hexamer	1	0.06897050291497935	0.0
ENSMUSG00000085438.3:B3	exon	poly(dT)	1	0.06848074731269582	0.24854164692888636
ENSMUSG00000095562.9:B1	exon	random hexamer	3	0.06782963612612032	0.0
ENSMUSG00000097391.9:B2	exon	random hexamer	9	0.0969897197369507	0.10012792382262943
ENSMUSG00000097391.9:B2	junction	random hexamer	1	0.0812100137484128	-0.040966696139109936
ENSMUSG00000097392.5:B2	exon	poly(dT)	8	0.06126924720378594	0.021446735586827192
ENSMUSG00000097545.9:B1	exon	poly(dT)	2	0.2366848238830071	0.24968161850371096
ENSMUSG00000097545.9:B1	exon	random hexamer	2	0.304603727346467	-0.11865691257936525
ENSMUSG00000097545.9:B1	junction	poly(dT)	1	0.05757383811216637	-0.06792929292929288
