age	sample	region	broad	cell_type	subtype	tealeaf_cell_type	replicate	column
P14	M5	Hippocampus	Glia	Astro	Astrocytes	NA	NA	0
P14	M5	Hippocampus	Glia	Astro	Ependymal	NA	NA	1
P14	M5	Hippocampus	Glia	Oligo	COPs	NA	NA	2
P14	M5	Hippocampus	Glia	Oligo	DivOPCs	NA	NA	3
P14	M5	Hippocampus	Glia	Oligo	MFOLs	NA	NA	4
P14	M5	Hippocampus	Glia	Oligo	MOLs	NA	NA	5
P14	M5	Hippocampus	Glia	Oligo	OPCs	NA	NA	6
P14	M5	Hippocampus	Neuron	ExciteNeuron	ExciteCA	NA	NA	7
P14	M5	Hippocampus	Neuron	ExciteNeuron	ExciteDG	NA	NA	8
P14	M5	Hippocampus	Neuron	InhibNeuron	InhCajalRetzius	NA	NA	9
P14	M5	Hippocampus	Neuron	InhibNeuron	InhibNeuron	NA	NA	10
P14	M5	Hippocampus	Neuron	Progenitor	GranuleNB	NA	NA	11
P14	M5	Hippocampus	Neuron	Progenitor	NIPCs	NA	NA	12
P14	M5	Hippocampus	Supportive	Immune	Macrophages	NA	NA	13
P14	M5	Hippocampus	Supportive	Immune	Microglia	NA	NA	14
P14	M5	Hippocampus	Supportive	Vasc	Endo	NA	NA	15
P14	M5	Hippocampus	Supportive	Vasc	Fibroblasts	NA	NA	16
P14	M5	Hippocampus	Supportive	Vasc	Pericytes	NA	NA	17
P14	M5	VisCortex	Glia	Astro	Astrocytes	NA	NA	18
P14	M5	VisCortex	Glia	Astro	Ependymal	NA	NA	19
P14	M5	VisCortex	Glia	Oligo	COPs	NA	NA	20
P14	M5	VisCortex	Glia	Oligo	DivOPCs	NA	NA	21
P14	M5	VisCortex	Glia	Oligo	MFOLs	NA	NA	22
P14	M5	VisCortex	Glia	Oligo	MOLs	NA	NA	23
P14	M5	VisCortex	Glia	Oligo	OPCs	NA	NA	24
P14	M5	VisCortex	Neuron	ExciteNeuron	ExciteL23	NA	NA	25
P14	M5	VisCortex	Neuron	ExciteNeuron	ExciteL4	NA	NA	26
P14	M5	VisCortex	Neuron	ExciteNeuron	ExciteL5	NA	NA	27
P14	M5	VisCortex	Neuron	ExciteNeuron	ExciteL6	NA	NA	28
P14	M5	VisCortex	Neuron	ExciteNeuron	ExciteNP	NA	NA	29
P14	M5	VisCortex	Neuron	InhibNeuron	InhCajalRetzius	NA	NA	30
P14	M5	VisCortex	Neuron	InhibNeuron	InhibNeuron	NA	NA	31
P14	M5	VisCortex	Neuron	Progenitor	NIPCs	NA	NA	32
P14	M5	VisCortex	Supportive	Immune	Macrophages	NA	NA	33
P14	M5	VisCortex	Supportive	Immune	Microglia	NA	NA	34
P14	M5	VisCortex	Supportive	Vasc	Endo	NA	NA	35
P14	M5	VisCortex	Supportive	Vasc	Fibroblasts	NA	NA	36
P14	M5	VisCortex	Supportive	Vasc	Pericytes	NA	NA	37
P14	M6	Hippocampus	Glia	Astro	Astrocytes	NA	NA	38
P14	M6	Hippocampus	Glia	Astro	Ependymal	NA	NA	39
P14	M6	Hippocampus	Glia	Oligo	COPs	NA	NA	40
P14	M6	Hippocampus	Glia	Oligo	DivOPCs	NA	NA	41
P14	M6	Hippocampus	Glia	Oligo	MFOLs	NA	NA	42
P14	M6	Hippocampus	Glia	Oligo	MOLs	NA	NA	43
P14	M6	Hippocampus	Glia	Oligo	OPCs	NA	NA	44
P14	M6	Hippocampus	Neuron	ExciteNeuron	ExciteCA	NA	NA	45
P14	M6	Hippocampus	Neuron	ExciteNeuron	ExciteDG	NA	NA	46
P14	M6	Hippocampus	Neuron	InhibNeuron	InhCajalRetzius	NA	NA	47
P14	M6	Hippocampus	Neuron	InhibNeuron	InhibNeuron	NA	NA	48
P14	M6	Hippocampus	Neuron	Progenitor	GranuleNB	NA	NA	49
P14	M6	Hippocampus	Neuron	Progenitor	NIPCs	NA	NA	50
P14	M6	Hippocampus	Supportive	Immune	Macrophages	NA	NA	51
P14	M6	Hippocampus	Supportive	Immune	Microglia	NA	NA	52
P14	M6	Hippocampus	Supportive	Vasc	Endo	NA	NA	53
P14	M6	Hippocampus	Supportive	Vasc	Fibroblasts	NA	NA	54
P14	M6	Hippocampus	Supportive	Vasc	Pericytes	NA	NA	55
P14	M6	VisCortex	Glia	Astro	Astrocytes	NA	NA	56
P14	M6	VisCortex	Glia	Astro	Ependymal	NA	NA	57
P14	M6	VisCortex	Glia	Oligo	COPs	NA	NA	58
P14	M6	VisCortex	Glia	Oligo	DivOPCs	NA	NA	59
P14	M6	VisCortex	Glia	Oligo	MFOLs	NA	NA	60
P14	M6	VisCortex	Glia	Oligo	MOLs	NA	NA	61
P14	M6	VisCortex	Glia	Oligo	OPCs	NA	NA	62
P14	M6	VisCortex	Neuron	ExciteNeuron	ExciteL23	NA	NA	63
P14	M6	VisCortex	Neuron	ExciteNeuron	ExciteL4	NA	NA	64
P14	M6	VisCortex	Neuron	ExciteNeuron	ExciteL5	NA	NA	65
P14	M6	VisCortex	Neuron	ExciteNeuron	ExciteL6	NA	NA	66
P14	M6	VisCortex	Neuron	ExciteNeuron	ExciteNP	NA	NA	67
P14	M6	VisCortex	Neuron	InhibNeuron	InhCajalRetzius	NA	NA	68
P14	M6	VisCortex	Neuron	InhibNeuron	InhibNeuron	NA	NA	69
P14	M6	VisCortex	Neuron	Progenitor	NIPCs	NA	NA	70
P14	M6	VisCortex	Supportive	Immune	Macrophages	NA	NA	71
P14	M6	VisCortex	Supportive	Immune	Microglia	NA	NA	72
P14	M6	VisCortex	Supportive	Vasc	Endo	NA	NA	73
P14	M6	VisCortex	Supportive	Vasc	Fibroblasts	NA	NA	74
P14	M6	VisCortex	Supportive	Vasc	Pericytes	NA	NA	75
P21	M1	Hippocampus	Glia	Astro	Astrocytes	NA	1.0	76
P21	M1	Hippocampus	Glia	Astro	Ependymal	NA	1.0	77
P21	M1	Hippocampus	Glia	Oligo	COPs	NA	1.0	78
P21	M1	Hippocampus	Glia	Oligo	DivOPCs	NA	1.0	79
P21	M1	Hippocampus	Glia	Oligo	MFOLs	NA	1.0	80
P21	M1	Hippocampus	Glia	Oligo	MOLs	NA	1.0	81
P21	M1	Hippocampus	Glia	Oligo	OPCs	NA	1.0	82
P21	M1	Hippocampus	Neuron	ExciteNeuron	ExciteCA	NA	1.0	83
P21	M1	Hippocampus	Neuron	ExciteNeuron	ExciteDG	NA	1.0	84
P21	M1	Hippocampus	Neuron	InhibNeuron	InhCajalRetzius	NA	1.0	85
P21	M1	Hippocampus	Neuron	InhibNeuron	InhibNeuron	NA	1.0	86
P21	M1	Hippocampus	Neuron	Progenitor	GranuleNB	NA	1.0	87
P21	M1	Hippocampus	Neuron	Progenitor	NIPCs	NA	1.0	88
P21	M1	Hippocampus	Supportive	Immune	Macrophages	NA	1.0	89
P21	M1	Hippocampus	Supportive	Immune	Microglia	NA	1.0	90
P21	M1	Hippocampus	Supportive	Vasc	Endo	NA	1.0	91
P21	M1	Hippocampus	Supportive	Vasc	Fibroblasts	NA	1.0	92
P21	M1	Hippocampus	Supportive	Vasc	Pericytes	NA	1.0	93
P21	M1	VisCortex	Glia	Astro	Astrocytes	NA	NA	94
P21	M1	VisCortex	Glia	Astro	Ependymal	NA	NA	95
P21	M1	VisCortex	Glia	Oligo	COPs	NA	NA	96
P21	M1	VisCortex	Glia	Oligo	DivOPCs	NA	NA	97
P21	M1	VisCortex	Glia	Oligo	MFOLs	NA	NA	98
P21	M1	VisCortex	Glia	Oligo	MOLs	NA	NA	99
P21	M1	VisCortex	Glia	Oligo	OPCs	NA	NA	100
P21	M1	VisCortex	Neuron	ExciteNeuron	ExciteL23	NA	NA	101
P21	M1	VisCortex	Neuron	ExciteNeuron	ExciteL4	NA	NA	102
P21	M1	VisCortex	Neuron	ExciteNeuron	ExciteL5	NA	NA	103
P21	M1	VisCortex	Neuron	ExciteNeuron	ExciteL6	NA	NA	104
P21	M1	VisCortex	Neuron	ExciteNeuron	ExciteNP	NA	NA	105
P21	M1	VisCortex	Neuron	InhibNeuron	InhCajalRetzius	NA	NA	106
P21	M1	VisCortex	Neuron	InhibNeuron	InhibNeuron	NA	NA	107
P21	M1	VisCortex	Neuron	Progenitor	NIPCs	NA	NA	108
P21	M1	VisCortex	Supportive	Immune	Macrophages	NA	NA	109
P21	M1	VisCortex	Supportive	Immune	Microglia	NA	NA	110
P21	M1	VisCortex	Supportive	Vasc	Endo	NA	NA	111
P21	M1	VisCortex	Supportive	Vasc	Fibroblasts	NA	NA	112
P21	M1	VisCortex	Supportive	Vasc	Pericytes	NA	NA	113
P21	M5	Hippocampus	Glia	Astro	Astrocytes	NA	NA	114
P21	M5	Hippocampus	Glia	Astro	Ependymal	NA	NA	115
P21	M5	Hippocampus	Glia	Oligo	COPs	NA	NA	116
P21	M5	Hippocampus	Glia	Oligo	DivOPCs	NA	NA	117
P21	M5	Hippocampus	Glia	Oligo	MFOLs	NA	NA	118
P21	M5	Hippocampus	Glia	Oligo	MOLs	NA	NA	119
P21	M5	Hippocampus	Glia	Oligo	OPCs	NA	NA	120
P21	M5	Hippocampus	Neuron	ExciteNeuron	ExciteCA	NA	NA	121
P21	M5	Hippocampus	Neuron	ExciteNeuron	ExciteDG	NA	NA	122
P21	M5	Hippocampus	Neuron	InhibNeuron	InhCajalRetzius	NA	NA	123
P21	M5	Hippocampus	Neuron	InhibNeuron	InhibNeuron	NA	NA	124
P21	M5	Hippocampus	Neuron	Progenitor	GranuleNB	NA	NA	125
P21	M5	Hippocampus	Neuron	Progenitor	NIPCs	NA	NA	126
P21	M5	Hippocampus	Supportive	Immune	Macrophages	NA	NA	127
P21	M5	Hippocampus	Supportive	Immune	Microglia	NA	NA	128
P21	M5	Hippocampus	Supportive	Vasc	Endo	NA	NA	129
P21	M5	Hippocampus	Supportive	Vasc	Fibroblasts	NA	NA	130
P21	M5	Hippocampus	Supportive	Vasc	Pericytes	NA	NA	131
P21	M5	VisCortex	Glia	Astro	Astrocytes	NA	NA	132
P21	M5	VisCortex	Glia	Oligo	COPs	NA	NA	133
P21	M5	VisCortex	Glia	Oligo	DivOPCs	NA	NA	134
P21	M5	VisCortex	Glia	Oligo	MFOLs	NA	NA	135
P21	M5	VisCortex	Glia	Oligo	MOLs	NA	NA	136
P21	M5	VisCortex	Glia	Oligo	OPCs	NA	NA	137
P21	M5	VisCortex	Neuron	ExciteNeuron	ExciteL23	NA	NA	138
P21	M5	VisCortex	Neuron	ExciteNeuron	ExciteL4	NA	NA	139
P21	M5	VisCortex	Neuron	ExciteNeuron	ExciteL5	NA	NA	140
P21	M5	VisCortex	Neuron	ExciteNeuron	ExciteL6	NA	NA	141
P21	M5	VisCortex	Neuron	ExciteNeuron	ExciteNP	NA	NA	142
P21	M5	VisCortex	Neuron	InhibNeuron	InhCajalRetzius	NA	NA	143
P21	M5	VisCortex	Neuron	InhibNeuron	InhibNeuron	NA	NA	144
P21	M5	VisCortex	Neuron	Progenitor	NIPCs	NA	NA	145
P21	M5	VisCortex	Supportive	Immune	Macrophages	NA	NA	146
P21	M5	VisCortex	Supportive	Immune	Microglia	NA	NA	147
P21	M5	VisCortex	Supportive	Vasc	Endo	NA	NA	148
P21	M5	VisCortex	Supportive	Vasc	Fibroblasts	NA	NA	149
P21	M5	VisCortex	Supportive	Vasc	Pericytes	NA	NA	150
P28	M1	Hippocampus	Glia	Astro	Astrocytes	NA	1.0	151
P28	M1	Hippocampus	Glia	Astro	Ependymal	NA	1.0	152
P28	M1	Hippocampus	Glia	Oligo	COPs	NA	1.0	153
P28	M1	Hippocampus	Glia	Oligo	DivOPCs	NA	1.0	154
P28	M1	Hippocampus	Glia	Oligo	MFOLs	NA	1.0	155
P28	M1	Hippocampus	Glia	Oligo	MOLs	NA	1.0	156
P28	M1	Hippocampus	Glia	Oligo	OPCs	NA	1.0	157
P28	M1	Hippocampus	Neuron	ExciteNeuron	ExciteCA	NA	1.0	158
P28	M1	Hippocampus	Neuron	ExciteNeuron	ExciteDG	NA	1.0	159
P28	M1	Hippocampus	Neuron	InhibNeuron	InhCajalRetzius	NA	1.0	160
P28	M1	Hippocampus	Neuron	InhibNeuron	InhibNeuron	NA	1.0	161
P28	M1	Hippocampus	Neuron	Progenitor	GranuleNB	NA	1.0	162
P28	M1	Hippocampus	Neuron	Progenitor	NIPCs	NA	1.0	163
P28	M1	Hippocampus	Supportive	Immune	Macrophages	NA	1.0	164
P28	M1	Hippocampus	Supportive	Immune	Microglia	NA	1.0	165
P28	M1	Hippocampus	Supportive	Vasc	Endo	NA	1.0	166
P28	M1	Hippocampus	Supportive	Vasc	Fibroblasts	NA	1.0	167
P28	M1	Hippocampus	Supportive	Vasc	Pericytes	NA	1.0	168
P28	M1	VisCortex	Glia	Astro	Astrocytes	NA	NA	169
P28	M1	VisCortex	Glia	Astro	Ependymal	NA	NA	170
P28	M1	VisCortex	Glia	Oligo	COPs	NA	NA	171
P28	M1	VisCortex	Glia	Oligo	DivOPCs	NA	NA	172
P28	M1	VisCortex	Glia	Oligo	MFOLs	NA	NA	173
P28	M1	VisCortex	Glia	Oligo	MOLs	NA	NA	174
P28	M1	VisCortex	Glia	Oligo	OPCs	NA	NA	175
P28	M1	VisCortex	Neuron	ExciteNeuron	ExciteL23	NA	NA	176
P28	M1	VisCortex	Neuron	ExciteNeuron	ExciteL4	NA	NA	177
P28	M1	VisCortex	Neuron	ExciteNeuron	ExciteL5	NA	NA	178
P28	M1	VisCortex	Neuron	ExciteNeuron	ExciteL6	NA	NA	179
P28	M1	VisCortex	Neuron	ExciteNeuron	ExciteNP	NA	NA	180
P28	M1	VisCortex	Neuron	InhibNeuron	InhCajalRetzius	NA	NA	181
P28	M1	VisCortex	Neuron	InhibNeuron	InhibNeuron	NA	NA	182
P28	M1	VisCortex	Neuron	Progenitor	NIPCs	NA	NA	183
P28	M1	VisCortex	Supportive	Immune	Macrophages	NA	NA	184
P28	M1	VisCortex	Supportive	Immune	Microglia	NA	NA	185
P28	M1	VisCortex	Supportive	Vasc	Endo	NA	NA	186
P28	M1	VisCortex	Supportive	Vasc	Fibroblasts	NA	NA	187
P28	M1	VisCortex	Supportive	Vasc	Pericytes	NA	NA	188
P28	M2	Hippocampus	Glia	Astro	Astrocytes	NA	2.0	189
P28	M2	Hippocampus	Glia	Astro	Ependymal	NA	2.0	190
P28	M2	Hippocampus	Glia	Oligo	COPs	NA	2.0	191
P28	M2	Hippocampus	Glia	Oligo	DivOPCs	NA	2.0	192
P28	M2	Hippocampus	Glia	Oligo	MFOLs	NA	2.0	193
P28	M2	Hippocampus	Glia	Oligo	MOLs	NA	2.0	194
P28	M2	Hippocampus	Glia	Oligo	OPCs	NA	2.0	195
P28	M2	Hippocampus	Neuron	ExciteNeuron	ExciteCA	NA	2.0	196
P28	M2	Hippocampus	Neuron	ExciteNeuron	ExciteDG	NA	2.0	197
P28	M2	Hippocampus	Neuron	InhibNeuron	InhCajalRetzius	NA	2.0	198
P28	M2	Hippocampus	Neuron	InhibNeuron	InhibNeuron	NA	2.0	199
P28	M2	Hippocampus	Neuron	Progenitor	GranuleNB	NA	2.0	200
P28	M2	Hippocampus	Neuron	Progenitor	NIPCs	NA	2.0	201
P28	M2	Hippocampus	Supportive	Immune	Macrophages	NA	2.0	202
P28	M2	Hippocampus	Supportive	Immune	Microglia	NA	2.0	203
P28	M2	Hippocampus	Supportive	Vasc	Endo	NA	2.0	204
P28	M2	Hippocampus	Supportive	Vasc	Fibroblasts	NA	2.0	205
P28	M2	Hippocampus	Supportive	Vasc	Pericytes	NA	2.0	206
P28	M2	VisCortex	Glia	Astro	Astrocytes	NA	NA	207
P28	M2	VisCortex	Glia	Astro	Ependymal	NA	NA	208
P28	M2	VisCortex	Glia	Oligo	COPs	NA	NA	209
P28	M2	VisCortex	Glia	Oligo	DivOPCs	NA	NA	210
P28	M2	VisCortex	Glia	Oligo	MFOLs	NA	NA	211
P28	M2	VisCortex	Glia	Oligo	MOLs	NA	NA	212
P28	M2	VisCortex	Glia	Oligo	OPCs	NA	NA	213
P28	M2	VisCortex	Neuron	ExciteNeuron	ExciteL23	NA	NA	214
P28	M2	VisCortex	Neuron	ExciteNeuron	ExciteL4	NA	NA	215
P28	M2	VisCortex	Neuron	ExciteNeuron	ExciteL5	NA	NA	216
P28	M2	VisCortex	Neuron	ExciteNeuron	ExciteL6	NA	NA	217
P28	M2	VisCortex	Neuron	ExciteNeuron	ExciteNP	NA	NA	218
P28	M2	VisCortex	Neuron	InhibNeuron	InhCajalRetzius	NA	NA	219
P28	M2	VisCortex	Neuron	InhibNeuron	InhibNeuron	NA	NA	220
P28	M2	VisCortex	Neuron	Progenitor	NIPCs	NA	NA	221
P28	M2	VisCortex	Supportive	Immune	Macrophages	NA	NA	222
P28	M2	VisCortex	Supportive	Immune	Microglia	NA	NA	223
P28	M2	VisCortex	Supportive	Vasc	Endo	NA	NA	224
P28	M2	VisCortex	Supportive	Vasc	Fibroblasts	NA	NA	225
P28	M2	VisCortex	Supportive	Vasc	Pericytes	NA	NA	226
P56	M1	Cerebellum	Glia	Astro	BergmannGlia	ASC	1.0	227
P56	M1	Cerebellum	Glia	Astro	Ependymal	NA	1.0	228
P56	M1	Cerebellum	Glia	Oligo	COPs	NA	1.0	229
P56	M1	Cerebellum	Glia	Oligo	MFOLs	ODC	1.0	230
P56	M1	Cerebellum	Glia	Oligo	MOLs	ODC	1.0	231
P56	M1	Cerebellum	Glia	Oligo	OPCs	NA	1.0	232
P56	M1	Cerebellum	Neuron	ExciteNeuron	GranuleCells	EX_cerebellum_granule	1.0	233
P56	M1	Cerebellum	Neuron	InhibNeuron	Interneuron	NA	1.0	234
P56	M1	Cerebellum	Supportive	Immune	Macrophages	NA	1.0	235
P56	M1	Cerebellum	Supportive	Immune	Microglia	NA	1.0	236
P56	M1	Cerebellum	Supportive	Vasc	Endo	NA	1.0	237
P56	M1	Cerebellum	Supportive	Vasc	Pericytes	NA	1.0	238
P56	M1	Cerebellum	Supportive	Vasc	SMA	NA	1.0	239
P56	M1	Hippocampus	Glia	Astro	Astrocytes	ASC	1.0	240
P56	M1	Hippocampus	Glia	Astro	Ependymal	NA	1.0	241
P56	M1	Hippocampus	Glia	Oligo	COPs	NA	1.0	242
P56	M1	Hippocampus	Glia	Oligo	DivOPCs	NA	1.0	243
P56	M1	Hippocampus	Glia	Oligo	MFOLs	ODC	1.0	244
P56	M1	Hippocampus	Glia	Oligo	MOLs	ODC	1.0	245
P56	M1	Hippocampus	Glia	Oligo	OPCs	NA	1.0	246
P56	M1	Hippocampus	Neuron	ExciteNeuron	ExciteCA	EX_hippocampus_pyramidal	1.0	247
P56	M1	Hippocampus	Neuron	ExciteNeuron	ExciteDG	EX_hippocampus_granule	1.0	248
P56	M1	Hippocampus	Neuron	InhibNeuron	InhCajalRetzius	NA	1.0	249
P56	M1	Hippocampus	Neuron	InhibNeuron	InhibNeuron	NA	1.0	250
P56	M1	Hippocampus	Neuron	Progenitor	GranuleNB	NA	1.0	251
P56	M1	Hippocampus	Neuron	Progenitor	NIPCs	NA	1.0	252
P56	M1	Hippocampus	Supportive	Immune	Macrophages	NA	1.0	253
P56	M1	Hippocampus	Supportive	Immune	Microglia	NA	1.0	254
P56	M1	Hippocampus	Supportive	Vasc	Endo	NA	1.0	255
P56	M1	Hippocampus	Supportive	Vasc	Fibroblasts	NA	1.0	256
P56	M1	Hippocampus	Supportive	Vasc	Pericytes	NA	1.0	257
P56	M1	Striatum	Glia	Astro	Astrocytes	ASC	1.0	258
P56	M1	Striatum	Glia	Astro	RGL	NA	1.0	259
P56	M1	Striatum	Glia	Oligo	COPs	NA	1.0	260
P56	M1	Striatum	Glia	Oligo	MFOLs	ODC	1.0	261
P56	M1	Striatum	Glia	Oligo	MOLs	ODC	1.0	262
P56	M1	Striatum	Glia	Oligo	OPCs	NA	1.0	263
P56	M1	Striatum	Neuron	ExciteNeuron	Cholinergic	NA	1.0	264
P56	M1	Striatum	Neuron	ExciteNeuron	ExciteNeuron	NA	1.0	265
P56	M1	Striatum	Neuron	InhibNeuron	D1MSN	INH_medium_spiny	1.0	266
P56	M1	Striatum	Neuron	InhibNeuron	D2MSN	INH_medium_spiny	1.0	267
P56	M1	Striatum	Neuron	Progenitor	D1D2Patch	NA	1.0	268
P56	M1	Striatum	Neuron	Progenitor	NIPCs	NA	1.0	269
P56	M1	Striatum	Neuron	Progenitor	Neuroblasts	NA	1.0	270
P56	M1	Striatum	Supportive	Immune	Macrophages	NA	1.0	271
P56	M1	Striatum	Supportive	Immune	Microglia	NA	1.0	272
P56	M1	Striatum	Supportive	Vasc	Fibroblasts	NA	1.0	273
P56	M1	Striatum	Supportive	Vasc	Pericytes	NA	1.0	274
P56	M1	Striatum	Supportive	Vasc	SMA	NA	1.0	275
P56	M2	Cerebellum	Glia	Astro	BergmannGlia	ASC	2.0	276
P56	M2	Cerebellum	Glia	Astro	Ependymal	NA	2.0	277
P56	M2	Cerebellum	Glia	Oligo	COPs	NA	2.0	278
P56	M2	Cerebellum	Glia	Oligo	MFOLs	ODC	2.0	279
P56	M2	Cerebellum	Glia	Oligo	MOLs	ODC	2.0	280
P56	M2	Cerebellum	Glia	Oligo	OPCs	NA	2.0	281
P56	M2	Cerebellum	Neuron	ExciteNeuron	GranuleCells	EX_cerebellum_granule	2.0	282
P56	M2	Cerebellum	Neuron	InhibNeuron	Interneuron	NA	2.0	283
P56	M2	Cerebellum	Supportive	Immune	Macrophages	NA	2.0	284
P56	M2	Cerebellum	Supportive	Immune	Microglia	NA	2.0	285
P56	M2	Cerebellum	Supportive	Vasc	Endo	NA	2.0	286
P56	M2	Cerebellum	Supportive	Vasc	Pericytes	NA	2.0	287
P56	M2	Cerebellum	Supportive	Vasc	SMA	NA	2.0	288
P56	M2	Hippocampus	Glia	Astro	Astrocytes	ASC	2.0	289
P56	M2	Hippocampus	Glia	Astro	Ependymal	NA	2.0	290
P56	M2	Hippocampus	Glia	Oligo	COPs	NA	2.0	291
P56	M2	Hippocampus	Glia	Oligo	DivOPCs	NA	2.0	292
P56	M2	Hippocampus	Glia	Oligo	MFOLs	ODC	2.0	293
P56	M2	Hippocampus	Glia	Oligo	MOLs	ODC	2.0	294
P56	M2	Hippocampus	Glia	Oligo	OPCs	NA	2.0	295
P56	M2	Hippocampus	Neuron	ExciteNeuron	ExciteCA	EX_hippocampus_pyramidal	2.0	296
P56	M2	Hippocampus	Neuron	ExciteNeuron	ExciteDG	EX_hippocampus_granule	2.0	297
P56	M2	Hippocampus	Neuron	InhibNeuron	InhCajalRetzius	NA	2.0	298
P56	M2	Hippocampus	Neuron	InhibNeuron	InhibNeuron	NA	2.0	299
P56	M2	Hippocampus	Neuron	Progenitor	GranuleNB	NA	2.0	300
P56	M2	Hippocampus	Neuron	Progenitor	NIPCs	NA	2.0	301
P56	M2	Hippocampus	Supportive	Immune	Macrophages	NA	2.0	302
P56	M2	Hippocampus	Supportive	Immune	Microglia	NA	2.0	303
P56	M2	Hippocampus	Supportive	Vasc	Endo	NA	2.0	304
P56	M2	Hippocampus	Supportive	Vasc	Fibroblasts	NA	2.0	305
P56	M2	Hippocampus	Supportive	Vasc	Pericytes	NA	2.0	306
P56	M2	Striatum	Glia	Astro	Astrocytes	ASC	2.0	307
P56	M2	Striatum	Glia	Astro	RGL	NA	2.0	308
P56	M2	Striatum	Glia	Oligo	COPs	NA	2.0	309
P56	M2	Striatum	Glia	Oligo	MFOLs	ODC	2.0	310
P56	M2	Striatum	Glia	Oligo	MOLs	ODC	2.0	311
P56	M2	Striatum	Glia	Oligo	OPCs	NA	2.0	312
P56	M2	Striatum	Neuron	ExciteNeuron	Cholinergic	NA	2.0	313
P56	M2	Striatum	Neuron	ExciteNeuron	ExciteNeuron	NA	2.0	314
P56	M2	Striatum	Neuron	InhibNeuron	D1MSN	INH_medium_spiny	2.0	315
P56	M2	Striatum	Neuron	InhibNeuron	D2MSN	INH_medium_spiny	2.0	316
P56	M2	Striatum	Neuron	Progenitor	D1D2Patch	NA	2.0	317
P56	M2	Striatum	Neuron	Progenitor	NIPCs	NA	2.0	318
P56	M2	Striatum	Neuron	Progenitor	Neuroblasts	NA	2.0	319
P56	M2	Striatum	Supportive	Immune	Macrophages	NA	2.0	320
P56	M2	Striatum	Supportive	Immune	Microglia	NA	2.0	321
P56	M2	Striatum	Supportive	Vasc	Fibroblasts	NA	2.0	322
P56	M2	Striatum	Supportive	Vasc	Pericytes	NA	2.0	323
P56	M2	Striatum	Supportive	Vasc	SMA	NA	2.0	324
P56	M5	Thalamus	Glia	Astro	Astrocytes	ASC	1.0	325
P56	M5	Thalamus	Glia	Astro	Ependymal	NA	1.0	326
P56	M5	Thalamus	Glia	Oligo	COPs	NA	1.0	327
P56	M5	Thalamus	Glia	Oligo	DivOPCs	NA	1.0	328
P56	M5	Thalamus	Glia	Oligo	MFOLs	ODC	1.0	329
P56	M5	Thalamus	Glia	Oligo	MOLs	ODC	1.0	330
P56	M5	Thalamus	Glia	Oligo	OPCs	NA	1.0	331
P56	M5	Thalamus	Neuron	ExciteNeuron	Cholinergic	NA	1.0	332
P56	M5	Thalamus	Neuron	ExciteNeuron	ExciteNeuron	EX_thalamus	1.0	333
P56	M5	Thalamus	Neuron	InhibNeuron	InhibNeuron	NA	1.0	334
P56	M5	Thalamus	Supportive	Immune	Macrophages	NA	1.0	335
P56	M5	Thalamus	Supportive	Immune	Microglia	NA	1.0	336
P56	M5	Thalamus	Supportive	Vasc	Endo	NA	1.0	337
P56	M5	Thalamus	Supportive	Vasc	Fibroblasts	NA	1.0	338
P56	M5	Thalamus	Supportive	Vasc	Pericytes	NA	1.0	339
P56	M5	Thalamus	Supportive	Vasc	SMA	NA	1.0	340
P56	M6	Thalamus	Glia	Astro	Astrocytes	ASC	2.0	341
P56	M6	Thalamus	Glia	Astro	Ependymal	NA	2.0	342
P56	M6	Thalamus	Glia	Oligo	COPs	NA	2.0	343
P56	M6	Thalamus	Glia	Oligo	DivOPCs	NA	2.0	344
P56	M6	Thalamus	Glia	Oligo	MFOLs	ODC	2.0	345
P56	M6	Thalamus	Glia	Oligo	MOLs	ODC	2.0	346
P56	M6	Thalamus	Glia	Oligo	OPCs	NA	2.0	347
P56	M6	Thalamus	Neuron	ExciteNeuron	Cholinergic	NA	2.0	348
P56	M6	Thalamus	Neuron	ExciteNeuron	ExciteNeuron	EX_thalamus	2.0	349
P56	M6	Thalamus	Neuron	InhibNeuron	InhibNeuron	NA	2.0	350
P56	M6	Thalamus	Supportive	Immune	Macrophages	NA	2.0	351
P56	M6	Thalamus	Supportive	Immune	Microglia	NA	2.0	352
P56	M6	Thalamus	Supportive	Vasc	Endo	NA	2.0	353
P56	M6	Thalamus	Supportive	Vasc	Fibroblasts	NA	2.0	354
P56	M6	Thalamus	Supportive	Vasc	Pericytes	NA	2.0	355
P56	M6	Thalamus	Supportive	Vasc	SMA	NA	2.0	356
P56	M8	VisCortex	Glia	Astro	Astrocytes	ASC	1.0	357
P56	M8	VisCortex	Glia	Astro	Ependymal	NA	1.0	358
P56	M8	VisCortex	Glia	Oligo	COPs	NA	1.0	359
P56	M8	VisCortex	Glia	Oligo	MFOLs	ODC	1.0	360
P56	M8	VisCortex	Glia	Oligo	MOLs	ODC	1.0	361
P56	M8	VisCortex	Glia	Oligo	OPCs	NA	1.0	362
P56	M8	VisCortex	Neuron	ExciteNeuron	ExciteL23	EX_cortical	1.0	363
P56	M8	VisCortex	Neuron	ExciteNeuron	ExciteL4	EX_cortical	1.0	364
P56	M8	VisCortex	Neuron	ExciteNeuron	ExciteL5	EX_cortical	1.0	365
P56	M8	VisCortex	Neuron	ExciteNeuron	ExciteL6	EX_cortical	1.0	366
P56	M8	VisCortex	Neuron	ExciteNeuron	ExciteNP	NA	1.0	367
P56	M8	VisCortex	Neuron	InhibNeuron	InhibNeuron	NA	1.0	368
P56	M8	VisCortex	Neuron	Progenitor	NIPCs	NA	1.0	369
P56	M8	VisCortex	Supportive	Immune	Macrophages	NA	1.0	370
P56	M8	VisCortex	Supportive	Immune	Microglia	NA	1.0	371
P56	M8	VisCortex	Supportive	Vasc	Endo	NA	1.0	372
P56	M8	VisCortex	Supportive	Vasc	Fibroblasts	NA	1.0	373
P56	M8	VisCortex	Supportive	Vasc	Pericytes	NA	1.0	374
P56	M9	VisCortex	Glia	Astro	Astrocytes	ASC	2.0	375
P56	M9	VisCortex	Glia	Astro	Ependymal	NA	2.0	376
P56	M9	VisCortex	Glia	Oligo	COPs	NA	2.0	377
P56	M9	VisCortex	Glia	Oligo	DivOPCs	NA	2.0	378
P56	M9	VisCortex	Glia	Oligo	MFOLs	ODC	2.0	379
P56	M9	VisCortex	Glia	Oligo	MOLs	ODC	2.0	380
P56	M9	VisCortex	Glia	Oligo	OPCs	NA	2.0	381
P56	M9	VisCortex	Neuron	ExciteNeuron	ExciteL23	EX_cortical	2.0	382
P56	M9	VisCortex	Neuron	ExciteNeuron	ExciteL4	EX_cortical	2.0	383
P56	M9	VisCortex	Neuron	ExciteNeuron	ExciteL5	EX_cortical	2.0	384
P56	M9	VisCortex	Neuron	ExciteNeuron	ExciteL6	EX_cortical	2.0	385
P56	M9	VisCortex	Neuron	ExciteNeuron	ExciteNP	NA	2.0	386
P56	M9	VisCortex	Neuron	InhibNeuron	InhCajalRetzius	NA	2.0	387
P56	M9	VisCortex	Neuron	InhibNeuron	InhibNeuron	NA	2.0	388
P56	M9	VisCortex	Neuron	Progenitor	NIPCs	NA	2.0	389
P56	M9	VisCortex	Supportive	Immune	Macrophages	NA	2.0	390
P56	M9	VisCortex	Supportive	Immune	Microglia	NA	2.0	391
P56	M9	VisCortex	Supportive	Vasc	Endo	NA	2.0	392
P56	M9	VisCortex	Supportive	Vasc	Fibroblasts	NA	2.0	393
P56	M9	VisCortex	Supportive	Vasc	Pericytes	NA	2.0	394
