test_id	block_id	gene_id	subject	cell_type	path	path_number	path_signature	proportion
ENSMUSG00000022892.12:B3	ENSMUSG00000022892.12:B3	ENSMUSG00000022892.12	A_1	EX_cortical	Path 1	1	[[84774951, 84775173], [84762557, 84762658], [84759609, 84759756]]	0.0056719048351765
ENSMUSG00000022892.12:B3	ENSMUSG00000022892.12:B3	ENSMUSG00000022892.12	A_1	EX_cortical	Path 2	2	[[84774951, 84775173], [84768295, 84768349], [84762557, 84762658], [84759609, 84759756]]	0.9943280951648236
ENSMUSG00000022892.12:B3	ENSMUSG00000022892.12:B3	ENSMUSG00000022892.12	A_2	EX_cortical	Path 1	1	[[84774951, 84775173], [84762557, 84762658], [84759609, 84759756]]	0.0345233710643495
ENSMUSG00000022892.12:B3	ENSMUSG00000022892.12:B3	ENSMUSG00000022892.12	A_2	EX_cortical	Path 2	2	[[84774951, 84775173], [84768295, 84768349], [84762557, 84762658], [84759609, 84759756]]	0.9654766289356504
ENSMUSG00000022892.12:B3	ENSMUSG00000022892.12:B3	ENSMUSG00000022892.12	A_4	EX_cortical	Path 1	1	[[84774951, 84775173], [84762557, 84762658], [84759609, 84759756]]	0.0091298990280989
ENSMUSG00000022892.12:B3	ENSMUSG00000022892.12:B3	ENSMUSG00000022892.12	A_4	EX_cortical	Path 2	2	[[84774951, 84775173], [84768295, 84768349], [84762557, 84762658], [84759609, 84759756]]	0.9908701009719012
ENSMUSG00000022892.12:B3	ENSMUSG00000022892.12:B3	ENSMUSG00000022892.12	A_5	EX_cortical	Path 1	1	[[84774951, 84775173], [84762557, 84762658], [84759609, 84759756]]	0.0201432882172741
ENSMUSG00000022892.12:B3	ENSMUSG00000022892.12:B3	ENSMUSG00000022892.12	A_5	EX_cortical	Path 2	2	[[84774951, 84775173], [84768295, 84768349], [84762557, 84762658], [84759609, 84759756]]	0.9798567117827258
ENSMUSG00000022892.12:B3	ENSMUSG00000022892.12:B3	ENSMUSG00000022892.12	A_6	EX_cortical	Path 1	1	[[84774951, 84775173], [84762557, 84762658], [84759609, 84759756]]	0.0299832465693383
ENSMUSG00000022892.12:B3	ENSMUSG00000022892.12:B3	ENSMUSG00000022892.12	A_6	EX_cortical	Path 2	2	[[84774951, 84775173], [84768295, 84768349], [84762557, 84762658], [84759609, 84759756]]	0.9700167534306616
ENSMUSG00000022892.12:B3	ENSMUSG00000022892.12:B3	ENSMUSG00000022892.12	A_7	EX_cortical	Path 1	1	[[84774951, 84775173], [84762557, 84762658], [84759609, 84759756]]	0.017193170600255
ENSMUSG00000022892.12:B3	ENSMUSG00000022892.12:B3	ENSMUSG00000022892.12	A_7	EX_cortical	Path 2	2	[[84774951, 84775173], [84768295, 84768349], [84762557, 84762658], [84759609, 84759756]]	0.982806829399745
ENSMUSG00000022892.12:B3	ENSMUSG00000022892.12:B3	ENSMUSG00000022892.12	A_8	EX_cortical	Path 1	1	[[84774951, 84775173], [84762557, 84762658], [84759609, 84759756]]	0.026726002914021
ENSMUSG00000022892.12:B3	ENSMUSG00000022892.12:B3	ENSMUSG00000022892.12	A_8	EX_cortical	Path 2	2	[[84774951, 84775173], [84768295, 84768349], [84762557, 84762658], [84759609, 84759756]]	0.973273997085979
ENSMUSG00000022892.12:B3	ENSMUSG00000022892.12:B3	ENSMUSG00000022892.12	A_9	EX_cortical	Path 1	1	[[84774951, 84775173], [84762557, 84762658], [84759609, 84759756]]	0.0252871942148559
ENSMUSG00000022892.12:B3	ENSMUSG00000022892.12:B3	ENSMUSG00000022892.12	A_9	EX_cortical	Path 2	2	[[84774951, 84775173], [84768295, 84768349], [84762557, 84762658], [84759609, 84759756]]	0.974712805785144
ENSMUSG00000022892.12:B3	ENSMUSG00000022892.12:B3	ENSMUSG00000022892.12	B_1	EX_cortical	Path 1	1	[[84774951, 84775173], [84762557, 84762658], [84759609, 84759756]]	0.0129566100350518
ENSMUSG00000022892.12:B3	ENSMUSG00000022892.12:B3	ENSMUSG00000022892.12	B_1	EX_cortical	Path 2	2	[[84774951, 84775173], [84768295, 84768349], [84762557, 84762658], [84759609, 84759756]]	0.9870433899649482
ENSMUSG00000022892.12:B3	ENSMUSG00000022892.12:B3	ENSMUSG00000022892.12	B_2	EX_cortical	Path 1	1	[[84774951, 84775173], [84762557, 84762658], [84759609, 84759756]]	0.0426855937212524
ENSMUSG00000022892.12:B3	ENSMUSG00000022892.12:B3	ENSMUSG00000022892.12	B_2	EX_cortical	Path 2	2	[[84774951, 84775173], [84768295, 84768349], [84762557, 84762658], [84759609, 84759756]]	0.9573144062787476
ENSMUSG00000022892.12:B3	ENSMUSG00000022892.12:B3	ENSMUSG00000022892.12	B_3	EX_cortical	Path 1	1	[[84774951, 84775173], [84762557, 84762658], [84759609, 84759756]]	0.0118772117335235
ENSMUSG00000022892.12:B3	ENSMUSG00000022892.12:B3	ENSMUSG00000022892.12	B_3	EX_cortical	Path 2	2	[[84774951, 84775173], [84768295, 84768349], [84762557, 84762658], [84759609, 84759756]]	0.9881227882664764
ENSMUSG00000022892.12:B3	ENSMUSG00000022892.12:B3	ENSMUSG00000022892.12	B_5	EX_cortical	Path 1	1	[[84774951, 84775173], [84762557, 84762658], [84759609, 84759756]]	0.0114514075080657
ENSMUSG00000022892.12:B3	ENSMUSG00000022892.12:B3	ENSMUSG00000022892.12	B_5	EX_cortical	Path 2	2	[[84774951, 84775173], [84768295, 84768349], [84762557, 84762658], [84759609, 84759756]]	0.9885485924919344
ENSMUSG00000022892.12:B3	ENSMUSG00000022892.12:B3	ENSMUSG00000022892.12	B_6	EX_cortical	Path 1	1	[[84774951, 84775173], [84762557, 84762658], [84759609, 84759756]]	0.0333547400026079
ENSMUSG00000022892.12:B3	ENSMUSG00000022892.12:B3	ENSMUSG00000022892.12	B_6	EX_cortical	Path 2	2	[[84774951, 84775173], [84768295, 84768349], [84762557, 84762658], [84759609, 84759756]]	0.966645259997392
ENSMUSG00000022892.12:B3	ENSMUSG00000022892.12:B3	ENSMUSG00000022892.12	B_7	EX_cortical	Path 1	1	[[84774951, 84775173], [84762557, 84762658], [84759609, 84759756]]	0.040047800918195
ENSMUSG00000022892.12:B3	ENSMUSG00000022892.12:B3	ENSMUSG00000022892.12	B_7	EX_cortical	Path 2	2	[[84774951, 84775173], [84768295, 84768349], [84762557, 84762658], [84759609, 84759756]]	0.959952199081805
ENSMUSG00000022892.12:B3	ENSMUSG00000022892.12:B3	ENSMUSG00000022892.12	B_8	EX_cortical	Path 1	1	[[84774951, 84775173], [84762557, 84762658], [84759609, 84759756]]	0.0377170503876553
ENSMUSG00000022892.12:B3	ENSMUSG00000022892.12:B3	ENSMUSG00000022892.12	B_8	EX_cortical	Path 2	2	[[84774951, 84775173], [84768295, 84768349], [84762557, 84762658], [84759609, 84759756]]	0.9622829496123448
ENSMUSG00000022892.12:B3	ENSMUSG00000022892.12:B3	ENSMUSG00000022892.12	C_1	EX_cortical	Path 1	1	[[84774951, 84775173], [84762557, 84762658], [84759609, 84759756]]	0.062691298491003
ENSMUSG00000022892.12:B3	ENSMUSG00000022892.12:B3	ENSMUSG00000022892.12	C_1	EX_cortical	Path 2	2	[[84774951, 84775173], [84768295, 84768349], [84762557, 84762658], [84759609, 84759756]]	0.9373087015089968
ENSMUSG00000022892.12:B3	ENSMUSG00000022892.12:B3	ENSMUSG00000022892.12	C_2	EX_cortical	Path 1	1	[[84774951, 84775173], [84762557, 84762658], [84759609, 84759756]]	0.0373634331142951
ENSMUSG00000022892.12:B3	ENSMUSG00000022892.12:B3	ENSMUSG00000022892.12	C_2	EX_cortical	Path 2	2	[[84774951, 84775173], [84768295, 84768349], [84762557, 84762658], [84759609, 84759756]]	0.9626365668857048
ENSMUSG00000022892.12:B3	ENSMUSG00000022892.12:B3	ENSMUSG00000022892.12	C_3	EX_cortical	Path 1	1	[[84774951, 84775173], [84762557, 84762658], [84759609, 84759756]]	0.0141914987397328
ENSMUSG00000022892.12:B3	ENSMUSG00000022892.12:B3	ENSMUSG00000022892.12	C_3	EX_cortical	Path 2	2	[[84774951, 84775173], [84768295, 84768349], [84762557, 84762658], [84759609, 84759756]]	0.9858085012602672
ENSMUSG00000022892.12:B3	ENSMUSG00000022892.12:B3	ENSMUSG00000022892.12	C_4	EX_cortical	Path 1	1	[[84774951, 84775173], [84762557, 84762658], [84759609, 84759756]]	0.012918110174841
ENSMUSG00000022892.12:B3	ENSMUSG00000022892.12:B3	ENSMUSG00000022892.12	C_4	EX_cortical	Path 2	2	[[84774951, 84775173], [84768295, 84768349], [84762557, 84762658], [84759609, 84759756]]	0.987081889825159
ENSMUSG00000022892.12:B3	ENSMUSG00000022892.12:B3	ENSMUSG00000022892.12	C_5	EX_cortical	Path 1	1	[[84774951, 84775173], [84762557, 84762658], [84759609, 84759756]]	0.0179875165563906
ENSMUSG00000022892.12:B3	ENSMUSG00000022892.12:B3	ENSMUSG00000022892.12	C_5	EX_cortical	Path 2	2	[[84774951, 84775173], [84768295, 84768349], [84762557, 84762658], [84759609, 84759756]]	0.9820124834436094
ENSMUSG00000022892.12:B3	ENSMUSG00000022892.12:B3	ENSMUSG00000022892.12	C_6	EX_cortical	Path 1	1	[[84774951, 84775173], [84762557, 84762658], [84759609, 84759756]]	0.0049594298263673
ENSMUSG00000022892.12:B3	ENSMUSG00000022892.12:B3	ENSMUSG00000022892.12	C_6	EX_cortical	Path 2	2	[[84774951, 84775173], [84768295, 84768349], [84762557, 84762658], [84759609, 84759756]]	0.9950405701736328
ENSMUSG00000022892.12:B3	ENSMUSG00000022892.12:B3	ENSMUSG00000022892.12	C_7	EX_cortical	Path 1	1	[[84774951, 84775173], [84762557, 84762658], [84759609, 84759756]]	0.0250019785770485
ENSMUSG00000022892.12:B3	ENSMUSG00000022892.12:B3	ENSMUSG00000022892.12	C_7	EX_cortical	Path 2	2	[[84774951, 84775173], [84768295, 84768349], [84762557, 84762658], [84759609, 84759756]]	0.9749980214229514
ENSMUSG00000022892.12:B3	ENSMUSG00000022892.12:B3	ENSMUSG00000022892.12	C_8	EX_cortical	Path 1	1	[[84774951, 84775173], [84762557, 84762658], [84759609, 84759756]]	0.0072787703982141
ENSMUSG00000022892.12:B3	ENSMUSG00000022892.12:B3	ENSMUSG00000022892.12	C_8	EX_cortical	Path 2	2	[[84774951, 84775173], [84768295, 84768349], [84762557, 84762658], [84759609, 84759756]]	0.992721229601786
ENSMUSG00000022892.12:B3	ENSMUSG00000022892.12:B3	ENSMUSG00000022892.12	D_1	EX_cortical	Path 1	1	[[84774951, 84775173], [84762557, 84762658], [84759609, 84759756]]	0.0081588639926222
ENSMUSG00000022892.12:B3	ENSMUSG00000022892.12:B3	ENSMUSG00000022892.12	D_1	EX_cortical	Path 2	2	[[84774951, 84775173], [84768295, 84768349], [84762557, 84762658], [84759609, 84759756]]	0.9918411360073778
ENSMUSG00000022892.12:B3	ENSMUSG00000022892.12:B3	ENSMUSG00000022892.12	D_1	EX_hippocampus_pyramidal	Path 1	1	[[84774951, 84775173], [84762557, 84762658], [84759609, 84759756]]	0.0303074133796754
ENSMUSG00000022892.12:B3	ENSMUSG00000022892.12:B3	ENSMUSG00000022892.12	D_1	EX_hippocampus_pyramidal	Path 2	2	[[84774951, 84775173], [84768295, 84768349], [84762557, 84762658], [84759609, 84759756]]	0.9696925866203244
ENSMUSG00000022892.12:B3	ENSMUSG00000022892.12:B3	ENSMUSG00000022892.12	D_2	EX_cortical	Path 1	1	[[84774951, 84775173], [84762557, 84762658], [84759609, 84759756]]	0.0030416869092213
ENSMUSG00000022892.12:B3	ENSMUSG00000022892.12:B3	ENSMUSG00000022892.12	D_2	EX_cortical	Path 2	2	[[84774951, 84775173], [84768295, 84768349], [84762557, 84762658], [84759609, 84759756]]	0.9969583130907786
ENSMUSG00000022892.12:B3	ENSMUSG00000022892.12:B3	ENSMUSG00000022892.12	D_2	EX_hippocampus_pyramidal	Path 1	1	[[84774951, 84775173], [84762557, 84762658], [84759609, 84759756]]	0.0416044155022578
ENSMUSG00000022892.12:B3	ENSMUSG00000022892.12:B3	ENSMUSG00000022892.12	D_2	EX_hippocampus_pyramidal	Path 2	2	[[84774951, 84775173], [84768295, 84768349], [84762557, 84762658], [84759609, 84759756]]	0.9583955844977424
ENSMUSG00000022892.12:B3	ENSMUSG00000022892.12:B3	ENSMUSG00000022892.12	D_3	EX_cortical	Path 1	1	[[84774951, 84775173], [84762557, 84762658], [84759609, 84759756]]	0.0191373934811488
ENSMUSG00000022892.12:B3	ENSMUSG00000022892.12:B3	ENSMUSG00000022892.12	D_3	EX_cortical	Path 2	2	[[84774951, 84775173], [84768295, 84768349], [84762557, 84762658], [84759609, 84759756]]	0.9808626065188512
ENSMUSG00000022892.12:B3	ENSMUSG00000022892.12:B3	ENSMUSG00000022892.12	D_4	EX_cortical	Path 1	1	[[84774951, 84775173], [84762557, 84762658], [84759609, 84759756]]	0.0129202939979535
ENSMUSG00000022892.12:B3	ENSMUSG00000022892.12:B3	ENSMUSG00000022892.12	D_4	EX_cortical	Path 2	2	[[84774951, 84775173], [84768295, 84768349], [84762557, 84762658], [84759609, 84759756]]	0.9870797060020464
ENSMUSG00000022892.12:B3	ENSMUSG00000022892.12:B3	ENSMUSG00000022892.12	D_5	EX_cortical	Path 1	1	[[84774951, 84775173], [84762557, 84762658], [84759609, 84759756]]	0.0173278543502049
ENSMUSG00000022892.12:B3	ENSMUSG00000022892.12:B3	ENSMUSG00000022892.12	D_5	EX_cortical	Path 2	2	[[84774951, 84775173], [84768295, 84768349], [84762557, 84762658], [84759609, 84759756]]	0.9826721456497952
ENSMUSG00000022892.12:B3	ENSMUSG00000022892.12:B3	ENSMUSG00000022892.12	D_6	EX_cortical	Path 1	1	[[84774951, 84775173], [84762557, 84762658], [84759609, 84759756]]	0.0043606443102401
ENSMUSG00000022892.12:B3	ENSMUSG00000022892.12:B3	ENSMUSG00000022892.12	D_6	EX_cortical	Path 2	2	[[84774951, 84775173], [84768295, 84768349], [84762557, 84762658], [84759609, 84759756]]	0.99563935568976
ENSMUSG00000022892.12:B3	ENSMUSG00000022892.12:B3	ENSMUSG00000022892.12	D_6	EX_hippocampus_pyramidal	Path 1	1	[[84774951, 84775173], [84762557, 84762658], [84759609, 84759756]]	0.0124647573219549
ENSMUSG00000022892.12:B3	ENSMUSG00000022892.12:B3	ENSMUSG00000022892.12	D_6	EX_hippocampus_pyramidal	Path 2	2	[[84774951, 84775173], [84768295, 84768349], [84762557, 84762658], [84759609, 84759756]]	0.987535242678045
ENSMUSG00000022892.12:B3	ENSMUSG00000022892.12:B3	ENSMUSG00000022892.12	D_7	EX_cortical	Path 1	1	[[84774951, 84775173], [84762557, 84762658], [84759609, 84759756]]	0.0063415714682869
ENSMUSG00000022892.12:B3	ENSMUSG00000022892.12:B3	ENSMUSG00000022892.12	D_7	EX_cortical	Path 2	2	[[84774951, 84775173], [84768295, 84768349], [84762557, 84762658], [84759609, 84759756]]	0.993658428531713
ENSMUSG00000022892.12:B3	ENSMUSG00000022892.12:B3	ENSMUSG00000022892.12	D_8	EX_cortical	Path 1	1	[[84774951, 84775173], [84762557, 84762658], [84759609, 84759756]]	0.0095512663087325
ENSMUSG00000022892.12:B3	ENSMUSG00000022892.12:B3	ENSMUSG00000022892.12	D_8	EX_cortical	Path 2	2	[[84774951, 84775173], [84768295, 84768349], [84762557, 84762658], [84759609, 84759756]]	0.9904487336912676
ENSMUSG00000022892.12:B3	ENSMUSG00000022892.12:B3	ENSMUSG00000022892.12	D_8	EX_hippocampus_pyramidal	Path 1	1	[[84774951, 84775173], [84762557, 84762658], [84759609, 84759756]]	0.0403793484639127
ENSMUSG00000022892.12:B3	ENSMUSG00000022892.12:B3	ENSMUSG00000022892.12	D_8	EX_hippocampus_pyramidal	Path 2	2	[[84774951, 84775173], [84768295, 84768349], [84762557, 84762658], [84759609, 84759756]]	0.9596206515360872
ENSMUSG00000022892.12:B3	ENSMUSG00000022892.12:B3	ENSMUSG00000022892.12	E_1	EX_cortical	Path 1	1	[[84774951, 84775173], [84762557, 84762658], [84759609, 84759756]]	0.0043868614099835
ENSMUSG00000022892.12:B3	ENSMUSG00000022892.12:B3	ENSMUSG00000022892.12	E_1	EX_cortical	Path 2	2	[[84774951, 84775173], [84768295, 84768349], [84762557, 84762658], [84759609, 84759756]]	0.9956131385900164
ENSMUSG00000022892.12:B3	ENSMUSG00000022892.12:B3	ENSMUSG00000022892.12	E_2	EX_cortical	Path 1	1	[[84774951, 84775173], [84762557, 84762658], [84759609, 84759756]]	0.0136379635511702
ENSMUSG00000022892.12:B3	ENSMUSG00000022892.12:B3	ENSMUSG00000022892.12	E_2	EX_cortical	Path 2	2	[[84774951, 84775173], [84768295, 84768349], [84762557, 84762658], [84759609, 84759756]]	0.9863620364488296
ENSMUSG00000022892.12:B3	ENSMUSG00000022892.12:B3	ENSMUSG00000022892.12	E_3	EX_cortical	Path 1	1	[[84774951, 84775173], [84762557, 84762658], [84759609, 84759756]]	0.0201606249301226
ENSMUSG00000022892.12:B3	ENSMUSG00000022892.12:B3	ENSMUSG00000022892.12	E_3	EX_cortical	Path 2	2	[[84774951, 84775173], [84768295, 84768349], [84762557, 84762658], [84759609, 84759756]]	0.9798393750698774
ENSMUSG00000022892.12:B3	ENSMUSG00000022892.12:B3	ENSMUSG00000022892.12	E_4	EX_cortical	Path 1	1	[[84774951, 84775173], [84762557, 84762658], [84759609, 84759756]]	0.0069399204857772
ENSMUSG00000022892.12:B3	ENSMUSG00000022892.12:B3	ENSMUSG00000022892.12	E_4	EX_cortical	Path 2	2	[[84774951, 84775173], [84768295, 84768349], [84762557, 84762658], [84759609, 84759756]]	0.9930600795142228
ENSMUSG00000022892.12:B3	ENSMUSG00000022892.12:B3	ENSMUSG00000022892.12	E_5	EX_cortical	Path 1	1	[[84774951, 84775173], [84762557, 84762658], [84759609, 84759756]]	0.0171332604149881
ENSMUSG00000022892.12:B3	ENSMUSG00000022892.12:B3	ENSMUSG00000022892.12	E_5	EX_cortical	Path 2	2	[[84774951, 84775173], [84768295, 84768349], [84762557, 84762658], [84759609, 84759756]]	0.982866739585012
ENSMUSG00000022892.12:B3	ENSMUSG00000022892.12:B3	ENSMUSG00000022892.12	E_6	EX_cortical	Path 1	1	[[84774951, 84775173], [84762557, 84762658], [84759609, 84759756]]	0.004407027719012
ENSMUSG00000022892.12:B3	ENSMUSG00000022892.12:B3	ENSMUSG00000022892.12	E_6	EX_cortical	Path 2	2	[[84774951, 84775173], [84768295, 84768349], [84762557, 84762658], [84759609, 84759756]]	0.995592972280988
ENSMUSG00000022892.12:B3	ENSMUSG00000022892.12:B3	ENSMUSG00000022892.12	E_7	EX_cortical	Path 1	1	[[84774951, 84775173], [84762557, 84762658], [84759609, 84759756]]	0.0236854011951151
ENSMUSG00000022892.12:B3	ENSMUSG00000022892.12:B3	ENSMUSG00000022892.12	E_7	EX_cortical	Path 2	2	[[84774951, 84775173], [84768295, 84768349], [84762557, 84762658], [84759609, 84759756]]	0.9763145988048848
ENSMUSG00000022892.12:B3	ENSMUSG00000022892.12:B3	ENSMUSG00000022892.12	E_8	EX_cortical	Path 1	1	[[84774951, 84775173], [84762557, 84762658], [84759609, 84759756]]	0.010948249586589
ENSMUSG00000022892.12:B3	ENSMUSG00000022892.12:B3	ENSMUSG00000022892.12	E_8	EX_cortical	Path 2	2	[[84774951, 84775173], [84768295, 84768349], [84762557, 84762658], [84759609, 84759756]]	0.989051750413411
ENSMUSG00000022892.12:B3	ENSMUSG00000022892.12:B3	ENSMUSG00000022892.12	F_1	EX_cortical	Path 1	1	[[84774951, 84775173], [84762557, 84762658], [84759609, 84759756]]	0.0021152394626639
ENSMUSG00000022892.12:B3	ENSMUSG00000022892.12:B3	ENSMUSG00000022892.12	F_1	EX_cortical	Path 2	2	[[84774951, 84775173], [84768295, 84768349], [84762557, 84762658], [84759609, 84759756]]	0.997884760537336
ENSMUSG00000022892.12:B3	ENSMUSG00000022892.12:B3	ENSMUSG00000022892.12	F_2	EX_cortical	Path 1	1	[[84774951, 84775173], [84762557, 84762658], [84759609, 84759756]]	0.0031113827570852
ENSMUSG00000022892.12:B3	ENSMUSG00000022892.12:B3	ENSMUSG00000022892.12	F_2	EX_cortical	Path 2	2	[[84774951, 84775173], [84768295, 84768349], [84762557, 84762658], [84759609, 84759756]]	0.9968886172429148
ENSMUSG00000022892.12:B3	ENSMUSG00000022892.12:B3	ENSMUSG00000022892.12	F_3	EX_cortical	Path 1	1	[[84774951, 84775173], [84762557, 84762658], [84759609, 84759756]]	0.0061513466073784
ENSMUSG00000022892.12:B3	ENSMUSG00000022892.12:B3	ENSMUSG00000022892.12	F_3	EX_cortical	Path 2	2	[[84774951, 84775173], [84768295, 84768349], [84762557, 84762658], [84759609, 84759756]]	0.9938486533926214
ENSMUSG00000022892.12:B3	ENSMUSG00000022892.12:B3	ENSMUSG00000022892.12	F_4	EX_cortical	Path 1	1	[[84774951, 84775173], [84762557, 84762658], [84759609, 84759756]]	0.0024751450422988
ENSMUSG00000022892.12:B3	ENSMUSG00000022892.12:B3	ENSMUSG00000022892.12	F_4	EX_cortical	Path 2	2	[[84774951, 84775173], [84768295, 84768349], [84762557, 84762658], [84759609, 84759756]]	0.9975248549577012
ENSMUSG00000022892.12:B3	ENSMUSG00000022892.12:B3	ENSMUSG00000022892.12	F_5	EX_cortical	Path 1	1	[[84774951, 84775173], [84762557, 84762658], [84759609, 84759756]]	0.0184199752653853
ENSMUSG00000022892.12:B3	ENSMUSG00000022892.12:B3	ENSMUSG00000022892.12	F_5	EX_cortical	Path 2	2	[[84774951, 84775173], [84768295, 84768349], [84762557, 84762658], [84759609, 84759756]]	0.9815800247346148
ENSMUSG00000022892.12:B3	ENSMUSG00000022892.12:B3	ENSMUSG00000022892.12	F_6	EX_cortical	Path 1	1	[[84774951, 84775173], [84762557, 84762658], [84759609, 84759756]]	0.0078346216552296
ENSMUSG00000022892.12:B3	ENSMUSG00000022892.12:B3	ENSMUSG00000022892.12	F_6	EX_cortical	Path 2	2	[[84774951, 84775173], [84768295, 84768349], [84762557, 84762658], [84759609, 84759756]]	0.9921653783447704
ENSMUSG00000022892.12:B3	ENSMUSG00000022892.12:B3	ENSMUSG00000022892.12	F_7	EX_cortical	Path 1	1	[[84774951, 84775173], [84762557, 84762658], [84759609, 84759756]]	0.0033428620661291
ENSMUSG00000022892.12:B3	ENSMUSG00000022892.12:B3	ENSMUSG00000022892.12	F_7	EX_cortical	Path 2	2	[[84774951, 84775173], [84768295, 84768349], [84762557, 84762658], [84759609, 84759756]]	0.9966571379338708
ENSMUSG00000026959.14:B3	ENSMUSG00000026959.14:B3	ENSMUSG00000026959.14	A_1	INH_medium_spiny	Path 1	1	[[25182140, 25182496]]	0.5915527926893354
ENSMUSG00000026959.14:B3	ENSMUSG00000026959.14:B3	ENSMUSG00000026959.14	A_1	INH_medium_spiny	Path 2	2	[[25184449, 25184560], [25182140, 25182496]]	0.4084472073106646
ENSMUSG00000026959.14:B3	ENSMUSG00000026959.14:B3	ENSMUSG00000026959.14	A_1	INH_midbrain	Path 1	1	[[25182140, 25182496]]	0.9354531382023628
ENSMUSG00000026959.14:B3	ENSMUSG00000026959.14:B3	ENSMUSG00000026959.14	A_1	INH_midbrain	Path 2	2	[[25184449, 25184560], [25182140, 25182496]]	0.0645468617976373
ENSMUSG00000026959.14:B3	ENSMUSG00000026959.14:B3	ENSMUSG00000026959.14	A_4	INH_medium_spiny	Path 1	1	[[25182140, 25182496]]	0.6565711257165402
ENSMUSG00000026959.14:B3	ENSMUSG00000026959.14:B3	ENSMUSG00000026959.14	A_4	INH_medium_spiny	Path 2	2	[[25184449, 25184560], [25182140, 25182496]]	0.3434288742834598
ENSMUSG00000026959.14:B3	ENSMUSG00000026959.14:B3	ENSMUSG00000026959.14	A_7	INH_medium_spiny	Path 1	1	[[25182140, 25182496]]	0.6674441992466918
ENSMUSG00000026959.14:B3	ENSMUSG00000026959.14:B3	ENSMUSG00000026959.14	A_7	INH_medium_spiny	Path 2	2	[[25184449, 25184560], [25182140, 25182496]]	0.3325558007533081
ENSMUSG00000026959.14:B3	ENSMUSG00000026959.14:B3	ENSMUSG00000026959.14	A_8	INH_medium_spiny	Path 1	1	[[25182140, 25182496]]	0.5348706807289877
ENSMUSG00000026959.14:B3	ENSMUSG00000026959.14:B3	ENSMUSG00000026959.14	A_8	INH_medium_spiny	Path 2	2	[[25184449, 25184560], [25182140, 25182496]]	0.4651293192710123
ENSMUSG00000026959.14:B3	ENSMUSG00000026959.14:B3	ENSMUSG00000026959.14	A_8	INH_midbrain	Path 1	1	[[25182140, 25182496]]	0.9504919397020812
ENSMUSG00000026959.14:B3	ENSMUSG00000026959.14:B3	ENSMUSG00000026959.14	A_8	INH_midbrain	Path 2	2	[[25184449, 25184560], [25182140, 25182496]]	0.0495080602979189
ENSMUSG00000026959.14:B3	ENSMUSG00000026959.14:B3	ENSMUSG00000026959.14	B_2	INH_medium_spiny	Path 1	1	[[25182140, 25182496]]	0.4582564142848032
ENSMUSG00000026959.14:B3	ENSMUSG00000026959.14:B3	ENSMUSG00000026959.14	B_2	INH_medium_spiny	Path 2	2	[[25184449, 25184560], [25182140, 25182496]]	0.5417435857151968
ENSMUSG00000026959.14:B3	ENSMUSG00000026959.14:B3	ENSMUSG00000026959.14	B_2	INH_midbrain	Path 1	1	[[25182140, 25182496]]	0.4965047452841996
ENSMUSG00000026959.14:B3	ENSMUSG00000026959.14:B3	ENSMUSG00000026959.14	B_2	INH_midbrain	Path 2	2	[[25184449, 25184560], [25182140, 25182496]]	0.5034952547158004
ENSMUSG00000026959.14:B3	ENSMUSG00000026959.14:B3	ENSMUSG00000026959.14	B_5	INH_midbrain	Path 1	1	[[25182140, 25182496]]	0.9515725790007192
ENSMUSG00000026959.14:B3	ENSMUSG00000026959.14:B3	ENSMUSG00000026959.14	B_5	INH_midbrain	Path 2	2	[[25184449, 25184560], [25182140, 25182496]]	0.0484274209992807
ENSMUSG00000026959.14:B3	ENSMUSG00000026959.14:B3	ENSMUSG00000026959.14	B_8	INH_medium_spiny	Path 1	1	[[25182140, 25182496]]	0.9266934345090444
ENSMUSG00000026959.14:B3	ENSMUSG00000026959.14:B3	ENSMUSG00000026959.14	B_8	INH_medium_spiny	Path 2	2	[[25184449, 25184560], [25182140, 25182496]]	0.0733065654909553
ENSMUSG00000026959.14:B3	ENSMUSG00000026959.14:B3	ENSMUSG00000026959.14	C_4	INH_medium_spiny	Path 1	1	[[25182140, 25182496]]	0.2307766184806899
ENSMUSG00000026959.14:B3	ENSMUSG00000026959.14:B3	ENSMUSG00000026959.14	C_4	INH_medium_spiny	Path 2	2	[[25184449, 25184560], [25182140, 25182496]]	0.7692233815193101
ENSMUSG00000026959.14:B3	ENSMUSG00000026959.14:B3	ENSMUSG00000026959.14	C_5	INH_medium_spiny	Path 1	1	[[25182140, 25182496]]	0.4724223657440417
ENSMUSG00000026959.14:B3	ENSMUSG00000026959.14:B3	ENSMUSG00000026959.14	C_5	INH_medium_spiny	Path 2	2	[[25184449, 25184560], [25182140, 25182496]]	0.5275776342559583
ENSMUSG00000026959.14:B3	ENSMUSG00000026959.14:B3	ENSMUSG00000026959.14	C_5	INH_midbrain	Path 1	1	[[25182140, 25182496]]	0.9371796698704178
ENSMUSG00000026959.14:B3	ENSMUSG00000026959.14:B3	ENSMUSG00000026959.14	C_5	INH_midbrain	Path 2	2	[[25184449, 25184560], [25182140, 25182496]]	0.0628203301295822
ENSMUSG00000026959.14:B3	ENSMUSG00000026959.14:B3	ENSMUSG00000026959.14	C_8	INH_medium_spiny	Path 1	1	[[25182140, 25182496]]	0.1721508963617298
ENSMUSG00000026959.14:B3	ENSMUSG00000026959.14:B3	ENSMUSG00000026959.14	C_8	INH_medium_spiny	Path 2	2	[[25184449, 25184560], [25182140, 25182496]]	0.8278491036382701
ENSMUSG00000026959.14:B3	ENSMUSG00000026959.14:B3	ENSMUSG00000026959.14	C_8	INH_midbrain	Path 1	1	[[25182140, 25182496]]	0.9388837617974584
ENSMUSG00000026959.14:B3	ENSMUSG00000026959.14:B3	ENSMUSG00000026959.14	C_8	INH_midbrain	Path 2	2	[[25184449, 25184560], [25182140, 25182496]]	0.0611162382025416
ENSMUSG00000026959.14:B3	ENSMUSG00000026959.14:B3	ENSMUSG00000026959.14	D_2	INH_midbrain	Path 1	1	[[25182140, 25182496]]	0.7996146995014838
ENSMUSG00000026959.14:B3	ENSMUSG00000026959.14:B3	ENSMUSG00000026959.14	D_2	INH_midbrain	Path 2	2	[[25184449, 25184560], [25182140, 25182496]]	0.2003853004985162
ENSMUSG00000026959.14:B3	ENSMUSG00000026959.14:B3	ENSMUSG00000026959.14	D_4	INH_medium_spiny	Path 1	1	[[25182140, 25182496]]	0.5788527179816969
ENSMUSG00000026959.14:B3	ENSMUSG00000026959.14:B3	ENSMUSG00000026959.14	D_4	INH_medium_spiny	Path 2	2	[[25184449, 25184560], [25182140, 25182496]]	0.4211472820183031
ENSMUSG00000026959.14:B3	ENSMUSG00000026959.14:B3	ENSMUSG00000026959.14	D_6	INH_medium_spiny	Path 1	1	[[25182140, 25182496]]	0.4598456397935894
ENSMUSG00000026959.14:B3	ENSMUSG00000026959.14:B3	ENSMUSG00000026959.14	D_6	INH_medium_spiny	Path 2	2	[[25184449, 25184560], [25182140, 25182496]]	0.5401543602064106
ENSMUSG00000026959.14:B3	ENSMUSG00000026959.14:B3	ENSMUSG00000026959.14	D_6	INH_midbrain	Path 1	1	[[25182140, 25182496]]	0.6503007108372555
ENSMUSG00000026959.14:B3	ENSMUSG00000026959.14:B3	ENSMUSG00000026959.14	D_6	INH_midbrain	Path 2	2	[[25184449, 25184560], [25182140, 25182496]]	0.3496992891627444
ENSMUSG00000026959.14:B3	ENSMUSG00000026959.14:B3	ENSMUSG00000026959.14	D_8	INH_medium_spiny	Path 1	1	[[25182140, 25182496]]	0.1330242600069546
ENSMUSG00000026959.14:B3	ENSMUSG00000026959.14:B3	ENSMUSG00000026959.14	D_8	INH_medium_spiny	Path 2	2	[[25184449, 25184560], [25182140, 25182496]]	0.8669757399930453
ENSMUSG00000026959.14:B3	ENSMUSG00000026959.14:B3	ENSMUSG00000026959.14	E_1	INH_medium_spiny	Path 1	1	[[25182140, 25182496]]	0.6954755290724222
ENSMUSG00000026959.14:B3	ENSMUSG00000026959.14:B3	ENSMUSG00000026959.14	E_1	INH_medium_spiny	Path 2	2	[[25184449, 25184560], [25182140, 25182496]]	0.3045244709275778
ENSMUSG00000026959.14:B3	ENSMUSG00000026959.14:B3	ENSMUSG00000026959.14	E_3	INH_medium_spiny	Path 1	1	[[25182140, 25182496]]	0.8947773800195915
ENSMUSG00000026959.14:B3	ENSMUSG00000026959.14:B3	ENSMUSG00000026959.14	E_3	INH_medium_spiny	Path 2	2	[[25184449, 25184560], [25182140, 25182496]]	0.1052226199804085
ENSMUSG00000026959.14:B3	ENSMUSG00000026959.14:B3	ENSMUSG00000026959.14	E_4	INH_medium_spiny	Path 1	1	[[25182140, 25182496]]	0.8173973004972188
ENSMUSG00000026959.14:B3	ENSMUSG00000026959.14:B3	ENSMUSG00000026959.14	E_4	INH_medium_spiny	Path 2	2	[[25184449, 25184560], [25182140, 25182496]]	0.1826026995027812
ENSMUSG00000026959.14:B3	ENSMUSG00000026959.14:B3	ENSMUSG00000026959.14	E_5	INH_medium_spiny	Path 1	1	[[25182140, 25182496]]	0.2155154021246808
ENSMUSG00000026959.14:B3	ENSMUSG00000026959.14:B3	ENSMUSG00000026959.14	E_5	INH_medium_spiny	Path 2	2	[[25184449, 25184560], [25182140, 25182496]]	0.7844845978753192
ENSMUSG00000026959.14:B3	ENSMUSG00000026959.14:B3	ENSMUSG00000026959.14	E_8	INH_midbrain	Path 1	1	[[25182140, 25182496]]	0.951644755273574
ENSMUSG00000026959.14:B3	ENSMUSG00000026959.14:B3	ENSMUSG00000026959.14	E_8	INH_midbrain	Path 2	2	[[25184449, 25184560], [25182140, 25182496]]	0.0483552447264258
ENSMUSG00000026959.14:B3	ENSMUSG00000026959.14:B3	ENSMUSG00000026959.14	F_1	INH_medium_spiny	Path 1	1	[[25182140, 25182496]]	0.6441827376087592
ENSMUSG00000026959.14:B3	ENSMUSG00000026959.14:B3	ENSMUSG00000026959.14	F_1	INH_medium_spiny	Path 2	2	[[25184449, 25184560], [25182140, 25182496]]	0.3558172623912408
ENSMUSG00000026959.14:B3	ENSMUSG00000026959.14:B3	ENSMUSG00000026959.14	F_1	INH_midbrain	Path 1	1	[[25182140, 25182496]]	0.9746617219204232
ENSMUSG00000026959.14:B3	ENSMUSG00000026959.14:B3	ENSMUSG00000026959.14	F_1	INH_midbrain	Path 2	2	[[25184449, 25184560], [25182140, 25182496]]	0.0253382780795768
ENSMUSG00000026959.14:B3	ENSMUSG00000026959.14:B3	ENSMUSG00000026959.14	F_2	INH_medium_spiny	Path 1	1	[[25182140, 25182496]]	0.7933954976587748
ENSMUSG00000026959.14:B3	ENSMUSG00000026959.14:B3	ENSMUSG00000026959.14	F_2	INH_medium_spiny	Path 2	2	[[25184449, 25184560], [25182140, 25182496]]	0.2066045023412252
ENSMUSG00000026959.14:B3	ENSMUSG00000026959.14:B3	ENSMUSG00000026959.14	F_4	INH_medium_spiny	Path 1	1	[[25182140, 25182496]]	0.5454090128675072
ENSMUSG00000026959.14:B3	ENSMUSG00000026959.14:B3	ENSMUSG00000026959.14	F_4	INH_medium_spiny	Path 2	2	[[25184449, 25184560], [25182140, 25182496]]	0.4545909871324927
ENSMUSG00000026959.14:B3	ENSMUSG00000026959.14:B3	ENSMUSG00000026959.14	F_4	INH_midbrain	Path 1	1	[[25182140, 25182496]]	0.8592947301333482
ENSMUSG00000026959.14:B3	ENSMUSG00000026959.14:B3	ENSMUSG00000026959.14	F_4	INH_midbrain	Path 2	2	[[25184449, 25184560], [25182140, 25182496]]	0.1407052698666518
ENSMUSG00000026959.14:B3	ENSMUSG00000026959.14:B3	ENSMUSG00000026959.14	F_7	INH_medium_spiny	Path 1	1	[[25182140, 25182496]]	0.3916557988692639
ENSMUSG00000026959.14:B3	ENSMUSG00000026959.14:B3	ENSMUSG00000026959.14	F_7	INH_medium_spiny	Path 2	2	[[25184449, 25184560], [25182140, 25182496]]	0.6083442011307362
ENSMUSG00000026959.14:B3	ENSMUSG00000026959.14:B3	ENSMUSG00000026959.14	F_7	INH_midbrain	Path 1	1	[[25182140, 25182496]]	0.685746753349635
ENSMUSG00000026959.14:B3	ENSMUSG00000026959.14:B3	ENSMUSG00000026959.14	F_7	INH_midbrain	Path 2	2	[[25184449, 25184560], [25182140, 25182496]]	0.314253246650365
ENSMUSG00000033981.15:B1	ENSMUSG00000033981.15:B1	ENSMUSG00000033981.15	A_1	EX_cortical	Path 1	1	[[80597710, 80597825]]	0.7119946109716861
ENSMUSG00000033981.15:B1	ENSMUSG00000033981.15:B1	ENSMUSG00000033981.15	A_1	EX_cortical	Path 2	2	[[80598626, 80598741]]	0.2880053890283138
ENSMUSG00000033981.15:B1	ENSMUSG00000033981.15:B1	ENSMUSG00000033981.15	A_1	INH_midbrain	Path 1	1	[[80597710, 80597825]]	0.7135184255689405
ENSMUSG00000033981.15:B1	ENSMUSG00000033981.15:B1	ENSMUSG00000033981.15	A_1	INH_midbrain	Path 2	2	[[80598626, 80598741]]	0.2864815744310595
ENSMUSG00000033981.15:B1	ENSMUSG00000033981.15:B1	ENSMUSG00000033981.15	A_2	EX_cortical	Path 1	1	[[80597710, 80597825]]	0.7186398777547311
ENSMUSG00000033981.15:B1	ENSMUSG00000033981.15:B1	ENSMUSG00000033981.15	A_2	EX_cortical	Path 2	2	[[80598626, 80598741]]	0.2813601222452689
ENSMUSG00000033981.15:B1	ENSMUSG00000033981.15:B1	ENSMUSG00000033981.15	A_2	INH_midbrain	Path 1	1	[[80597710, 80597825]]	0.7589644044631173
ENSMUSG00000033981.15:B1	ENSMUSG00000033981.15:B1	ENSMUSG00000033981.15	A_2	INH_midbrain	Path 2	2	[[80598626, 80598741]]	0.2410355955368827
ENSMUSG00000033981.15:B1	ENSMUSG00000033981.15:B1	ENSMUSG00000033981.15	A_4	EX_cortical	Path 1	1	[[80597710, 80597825]]	0.8731352259261737
ENSMUSG00000033981.15:B1	ENSMUSG00000033981.15:B1	ENSMUSG00000033981.15	A_4	EX_cortical	Path 2	2	[[80598626, 80598741]]	0.1268647740738263
ENSMUSG00000033981.15:B1	ENSMUSG00000033981.15:B1	ENSMUSG00000033981.15	A_4	INH_midbrain	Path 1	1	[[80597710, 80597825]]	0.696411795127832
ENSMUSG00000033981.15:B1	ENSMUSG00000033981.15:B1	ENSMUSG00000033981.15	A_4	INH_midbrain	Path 2	2	[[80598626, 80598741]]	0.3035882048721681
ENSMUSG00000033981.15:B1	ENSMUSG00000033981.15:B1	ENSMUSG00000033981.15	A_5	EX_cortical	Path 1	1	[[80597710, 80597825]]	0.8218820827724492
ENSMUSG00000033981.15:B1	ENSMUSG00000033981.15:B1	ENSMUSG00000033981.15	A_5	EX_cortical	Path 2	2	[[80598626, 80598741]]	0.1781179172275508
ENSMUSG00000033981.15:B1	ENSMUSG00000033981.15:B1	ENSMUSG00000033981.15	A_5	INH_midbrain	Path 1	1	[[80597710, 80597825]]	0.7038858146962198
ENSMUSG00000033981.15:B1	ENSMUSG00000033981.15:B1	ENSMUSG00000033981.15	A_5	INH_midbrain	Path 2	2	[[80598626, 80598741]]	0.2961141853037802
ENSMUSG00000033981.15:B1	ENSMUSG00000033981.15:B1	ENSMUSG00000033981.15	A_6	EX_cortical	Path 1	1	[[80597710, 80597825]]	0.8774849965213066
ENSMUSG00000033981.15:B1	ENSMUSG00000033981.15:B1	ENSMUSG00000033981.15	A_6	EX_cortical	Path 2	2	[[80598626, 80598741]]	0.1225150034786934
ENSMUSG00000033981.15:B1	ENSMUSG00000033981.15:B1	ENSMUSG00000033981.15	A_7	EX_cortical	Path 1	1	[[80597710, 80597825]]	0.659184618377508
ENSMUSG00000033981.15:B1	ENSMUSG00000033981.15:B1	ENSMUSG00000033981.15	A_7	EX_cortical	Path 2	2	[[80598626, 80598741]]	0.3408153816224921
ENSMUSG00000033981.15:B1	ENSMUSG00000033981.15:B1	ENSMUSG00000033981.15	A_7	INH_midbrain	Path 1	1	[[80597710, 80597825]]	0.6465621830028845
ENSMUSG00000033981.15:B1	ENSMUSG00000033981.15:B1	ENSMUSG00000033981.15	A_7	INH_midbrain	Path 2	2	[[80598626, 80598741]]	0.3534378169971156
ENSMUSG00000033981.15:B1	ENSMUSG00000033981.15:B1	ENSMUSG00000033981.15	A_8	EX_cortical	Path 1	1	[[80597710, 80597825]]	0.8417062347148309
ENSMUSG00000033981.15:B1	ENSMUSG00000033981.15:B1	ENSMUSG00000033981.15	A_8	EX_cortical	Path 2	2	[[80598626, 80598741]]	0.1582937652851691
ENSMUSG00000033981.15:B1	ENSMUSG00000033981.15:B1	ENSMUSG00000033981.15	A_8	INH_midbrain	Path 1	1	[[80597710, 80597825]]	0.7192199037948559
ENSMUSG00000033981.15:B1	ENSMUSG00000033981.15:B1	ENSMUSG00000033981.15	A_8	INH_midbrain	Path 2	2	[[80598626, 80598741]]	0.280780096205144
ENSMUSG00000033981.15:B1	ENSMUSG00000033981.15:B1	ENSMUSG00000033981.15	A_9	EX_cortical	Path 1	1	[[80597710, 80597825]]	0.7275288747615142
ENSMUSG00000033981.15:B1	ENSMUSG00000033981.15:B1	ENSMUSG00000033981.15	A_9	EX_cortical	Path 2	2	[[80598626, 80598741]]	0.2724711252384859
ENSMUSG00000033981.15:B1	ENSMUSG00000033981.15:B1	ENSMUSG00000033981.15	B_1	EX_cortical	Path 1	1	[[80597710, 80597825]]	0.9094971970375404
ENSMUSG00000033981.15:B1	ENSMUSG00000033981.15:B1	ENSMUSG00000033981.15	B_1	EX_cortical	Path 2	2	[[80598626, 80598741]]	0.0905028029624596
ENSMUSG00000033981.15:B1	ENSMUSG00000033981.15:B1	ENSMUSG00000033981.15	B_1	INH_midbrain	Path 1	1	[[80597710, 80597825]]	0.7353662634823505
ENSMUSG00000033981.15:B1	ENSMUSG00000033981.15:B1	ENSMUSG00000033981.15	B_1	INH_midbrain	Path 2	2	[[80598626, 80598741]]	0.2646337365176496
ENSMUSG00000033981.15:B1	ENSMUSG00000033981.15:B1	ENSMUSG00000033981.15	B_2	EX_cortical	Path 1	1	[[80597710, 80597825]]	0.8589795864075701
ENSMUSG00000033981.15:B1	ENSMUSG00000033981.15:B1	ENSMUSG00000033981.15	B_2	EX_cortical	Path 2	2	[[80598626, 80598741]]	0.1410204135924298
ENSMUSG00000033981.15:B1	ENSMUSG00000033981.15:B1	ENSMUSG00000033981.15	B_2	INH_midbrain	Path 1	1	[[80597710, 80597825]]	0.672854334362857
ENSMUSG00000033981.15:B1	ENSMUSG00000033981.15:B1	ENSMUSG00000033981.15	B_2	INH_midbrain	Path 2	2	[[80598626, 80598741]]	0.327145665637143
ENSMUSG00000033981.15:B1	ENSMUSG00000033981.15:B1	ENSMUSG00000033981.15	B_3	EX_cortical	Path 1	1	[[80597710, 80597825]]	0.8905700501180112
ENSMUSG00000033981.15:B1	ENSMUSG00000033981.15:B1	ENSMUSG00000033981.15	B_3	EX_cortical	Path 2	2	[[80598626, 80598741]]	0.1094299498819888
ENSMUSG00000033981.15:B1	ENSMUSG00000033981.15:B1	ENSMUSG00000033981.15	B_3	INH_midbrain	Path 1	1	[[80597710, 80597825]]	0.8634709669191122
ENSMUSG00000033981.15:B1	ENSMUSG00000033981.15:B1	ENSMUSG00000033981.15	B_3	INH_midbrain	Path 2	2	[[80598626, 80598741]]	0.1365290330808879
ENSMUSG00000033981.15:B1	ENSMUSG00000033981.15:B1	ENSMUSG00000033981.15	B_4	INH_midbrain	Path 1	1	[[80597710, 80597825]]	0.7910080843442325
ENSMUSG00000033981.15:B1	ENSMUSG00000033981.15:B1	ENSMUSG00000033981.15	B_4	INH_midbrain	Path 2	2	[[80598626, 80598741]]	0.2089919156557674
ENSMUSG00000033981.15:B1	ENSMUSG00000033981.15:B1	ENSMUSG00000033981.15	B_5	EX_cortical	Path 1	1	[[80597710, 80597825]]	0.9000425742134054
ENSMUSG00000033981.15:B1	ENSMUSG00000033981.15:B1	ENSMUSG00000033981.15	B_5	EX_cortical	Path 2	2	[[80598626, 80598741]]	0.0999574257865946
ENSMUSG00000033981.15:B1	ENSMUSG00000033981.15:B1	ENSMUSG00000033981.15	B_5	INH_midbrain	Path 1	1	[[80597710, 80597825]]	0.7253232608661858
ENSMUSG00000033981.15:B1	ENSMUSG00000033981.15:B1	ENSMUSG00000033981.15	B_5	INH_midbrain	Path 2	2	[[80598626, 80598741]]	0.2746767391338141
ENSMUSG00000033981.15:B1	ENSMUSG00000033981.15:B1	ENSMUSG00000033981.15	B_6	EX_cortical	Path 1	1	[[80597710, 80597825]]	0.6897011595921893
ENSMUSG00000033981.15:B1	ENSMUSG00000033981.15:B1	ENSMUSG00000033981.15	B_6	EX_cortical	Path 2	2	[[80598626, 80598741]]	0.3102988404078107
ENSMUSG00000033981.15:B1	ENSMUSG00000033981.15:B1	ENSMUSG00000033981.15	B_7	EX_cortical	Path 1	1	[[80597710, 80597825]]	0.691002687266143
ENSMUSG00000033981.15:B1	ENSMUSG00000033981.15:B1	ENSMUSG00000033981.15	B_7	EX_cortical	Path 2	2	[[80598626, 80598741]]	0.308997312733857
ENSMUSG00000033981.15:B1	ENSMUSG00000033981.15:B1	ENSMUSG00000033981.15	B_8	EX_cortical	Path 1	1	[[80597710, 80597825]]	0.8884752900157797
ENSMUSG00000033981.15:B1	ENSMUSG00000033981.15:B1	ENSMUSG00000033981.15	B_8	EX_cortical	Path 2	2	[[80598626, 80598741]]	0.1115247099842203
ENSMUSG00000033981.15:B1	ENSMUSG00000033981.15:B1	ENSMUSG00000033981.15	B_8	INH_midbrain	Path 1	1	[[80597710, 80597825]]	0.7847069251557255
ENSMUSG00000033981.15:B1	ENSMUSG00000033981.15:B1	ENSMUSG00000033981.15	B_8	INH_midbrain	Path 2	2	[[80598626, 80598741]]	0.2152930748442744
ENSMUSG00000033981.15:B1	ENSMUSG00000033981.15:B1	ENSMUSG00000033981.15	C_1	EX_cortical	Path 1	1	[[80597710, 80597825]]	0.8799953221076011
ENSMUSG00000033981.15:B1	ENSMUSG00000033981.15:B1	ENSMUSG00000033981.15	C_1	EX_cortical	Path 2	2	[[80598626, 80598741]]	0.1200046778923989
ENSMUSG00000033981.15:B1	ENSMUSG00000033981.15:B1	ENSMUSG00000033981.15	C_1	INH_midbrain	Path 1	1	[[80597710, 80597825]]	0.7405048522990054
ENSMUSG00000033981.15:B1	ENSMUSG00000033981.15:B1	ENSMUSG00000033981.15	C_1	INH_midbrain	Path 2	2	[[80598626, 80598741]]	0.2594951477009945
ENSMUSG00000033981.15:B1	ENSMUSG00000033981.15:B1	ENSMUSG00000033981.15	C_2	EX_cortical	Path 1	1	[[80597710, 80597825]]	0.8989374852754894
ENSMUSG00000033981.15:B1	ENSMUSG00000033981.15:B1	ENSMUSG00000033981.15	C_2	EX_cortical	Path 2	2	[[80598626, 80598741]]	0.1010625147245105
ENSMUSG00000033981.15:B1	ENSMUSG00000033981.15:B1	ENSMUSG00000033981.15	C_2	INH_midbrain	Path 1	1	[[80597710, 80597825]]	0.750491743046995
ENSMUSG00000033981.15:B1	ENSMUSG00000033981.15:B1	ENSMUSG00000033981.15	C_2	INH_midbrain	Path 2	2	[[80598626, 80598741]]	0.2495082569530051
ENSMUSG00000033981.15:B1	ENSMUSG00000033981.15:B1	ENSMUSG00000033981.15	C_3	EX_cortical	Path 1	1	[[80597710, 80597825]]	0.8548972151850623
ENSMUSG00000033981.15:B1	ENSMUSG00000033981.15:B1	ENSMUSG00000033981.15	C_3	EX_cortical	Path 2	2	[[80598626, 80598741]]	0.1451027848149377
ENSMUSG00000033981.15:B1	ENSMUSG00000033981.15:B1	ENSMUSG00000033981.15	C_4	EX_cortical	Path 1	1	[[80597710, 80597825]]	0.8269263871471659
ENSMUSG00000033981.15:B1	ENSMUSG00000033981.15:B1	ENSMUSG00000033981.15	C_4	EX_cortical	Path 2	2	[[80598626, 80598741]]	0.1730736128528339
ENSMUSG00000033981.15:B1	ENSMUSG00000033981.15:B1	ENSMUSG00000033981.15	C_4	INH_midbrain	Path 1	1	[[80597710, 80597825]]	0.793837415337542
ENSMUSG00000033981.15:B1	ENSMUSG00000033981.15:B1	ENSMUSG00000033981.15	C_4	INH_midbrain	Path 2	2	[[80598626, 80598741]]	0.2061625846624579
ENSMUSG00000033981.15:B1	ENSMUSG00000033981.15:B1	ENSMUSG00000033981.15	C_5	EX_cortical	Path 1	1	[[80597710, 80597825]]	0.8790473756164697
ENSMUSG00000033981.15:B1	ENSMUSG00000033981.15:B1	ENSMUSG00000033981.15	C_5	EX_cortical	Path 2	2	[[80598626, 80598741]]	0.1209526243835303
ENSMUSG00000033981.15:B1	ENSMUSG00000033981.15:B1	ENSMUSG00000033981.15	C_5	INH_midbrain	Path 1	1	[[80597710, 80597825]]	0.8875078403978998
ENSMUSG00000033981.15:B1	ENSMUSG00000033981.15:B1	ENSMUSG00000033981.15	C_5	INH_midbrain	Path 2	2	[[80598626, 80598741]]	0.1124921596021002
ENSMUSG00000033981.15:B1	ENSMUSG00000033981.15:B1	ENSMUSG00000033981.15	C_6	EX_cortical	Path 1	1	[[80597710, 80597825]]	0.852975873490368
ENSMUSG00000033981.15:B1	ENSMUSG00000033981.15:B1	ENSMUSG00000033981.15	C_6	EX_cortical	Path 2	2	[[80598626, 80598741]]	0.1470241265096321
ENSMUSG00000033981.15:B1	ENSMUSG00000033981.15:B1	ENSMUSG00000033981.15	C_6	INH_midbrain	Path 1	1	[[80597710, 80597825]]	0.7019861823086587
ENSMUSG00000033981.15:B1	ENSMUSG00000033981.15:B1	ENSMUSG00000033981.15	C_6	INH_midbrain	Path 2	2	[[80598626, 80598741]]	0.2980138176913412
ENSMUSG00000033981.15:B1	ENSMUSG00000033981.15:B1	ENSMUSG00000033981.15	C_7	EX_cortical	Path 1	1	[[80597710, 80597825]]	0.8320692920158084
ENSMUSG00000033981.15:B1	ENSMUSG00000033981.15:B1	ENSMUSG00000033981.15	C_7	EX_cortical	Path 2	2	[[80598626, 80598741]]	0.1679307079841916
ENSMUSG00000033981.15:B1	ENSMUSG00000033981.15:B1	ENSMUSG00000033981.15	C_8	EX_cortical	Path 1	1	[[80597710, 80597825]]	0.8555564449235283
ENSMUSG00000033981.15:B1	ENSMUSG00000033981.15:B1	ENSMUSG00000033981.15	C_8	EX_cortical	Path 2	2	[[80598626, 80598741]]	0.1444435550764716
ENSMUSG00000033981.15:B1	ENSMUSG00000033981.15:B1	ENSMUSG00000033981.15	C_8	INH_midbrain	Path 1	1	[[80597710, 80597825]]	0.7348118972343262
ENSMUSG00000033981.15:B1	ENSMUSG00000033981.15:B1	ENSMUSG00000033981.15	C_8	INH_midbrain	Path 2	2	[[80598626, 80598741]]	0.2651881027656739
ENSMUSG00000033981.15:B1	ENSMUSG00000033981.15:B1	ENSMUSG00000033981.15	D_1	EX_cortical	Path 1	1	[[80597710, 80597825]]	0.7960412643840511
ENSMUSG00000033981.15:B1	ENSMUSG00000033981.15:B1	ENSMUSG00000033981.15	D_1	EX_cortical	Path 2	2	[[80598626, 80598741]]	0.2039587356159489
ENSMUSG00000033981.15:B1	ENSMUSG00000033981.15:B1	ENSMUSG00000033981.15	D_1	INH_midbrain	Path 1	1	[[80597710, 80597825]]	0.8499680482556711
ENSMUSG00000033981.15:B1	ENSMUSG00000033981.15:B1	ENSMUSG00000033981.15	D_1	INH_midbrain	Path 2	2	[[80598626, 80598741]]	0.150031951744329
ENSMUSG00000033981.15:B1	ENSMUSG00000033981.15:B1	ENSMUSG00000033981.15	D_2	EX_cortical	Path 1	1	[[80597710, 80597825]]	0.8314936814937165
ENSMUSG00000033981.15:B1	ENSMUSG00000033981.15:B1	ENSMUSG00000033981.15	D_2	EX_cortical	Path 2	2	[[80598626, 80598741]]	0.1685063185062835
ENSMUSG00000033981.15:B1	ENSMUSG00000033981.15:B1	ENSMUSG00000033981.15	D_2	INH_midbrain	Path 1	1	[[80597710, 80597825]]	0.8094939366319128
ENSMUSG00000033981.15:B1	ENSMUSG00000033981.15:B1	ENSMUSG00000033981.15	D_2	INH_midbrain	Path 2	2	[[80598626, 80598741]]	0.1905060633680873
ENSMUSG00000033981.15:B1	ENSMUSG00000033981.15:B1	ENSMUSG00000033981.15	D_3	EX_cortical	Path 1	1	[[80597710, 80597825]]	0.7165844462543915
ENSMUSG00000033981.15:B1	ENSMUSG00000033981.15:B1	ENSMUSG00000033981.15	D_3	EX_cortical	Path 2	2	[[80598626, 80598741]]	0.2834155537456085
ENSMUSG00000033981.15:B1	ENSMUSG00000033981.15:B1	ENSMUSG00000033981.15	D_3	INH_midbrain	Path 1	1	[[80597710, 80597825]]	0.7397240010851757
ENSMUSG00000033981.15:B1	ENSMUSG00000033981.15:B1	ENSMUSG00000033981.15	D_3	INH_midbrain	Path 2	2	[[80598626, 80598741]]	0.2602759989148243
ENSMUSG00000033981.15:B1	ENSMUSG00000033981.15:B1	ENSMUSG00000033981.15	D_4	EX_cortical	Path 1	1	[[80597710, 80597825]]	0.8398604057484449
ENSMUSG00000033981.15:B1	ENSMUSG00000033981.15:B1	ENSMUSG00000033981.15	D_4	EX_cortical	Path 2	2	[[80598626, 80598741]]	0.1601395942515551
ENSMUSG00000033981.15:B1	ENSMUSG00000033981.15:B1	ENSMUSG00000033981.15	D_4	INH_midbrain	Path 1	1	[[80597710, 80597825]]	0.7793437149694759
ENSMUSG00000033981.15:B1	ENSMUSG00000033981.15:B1	ENSMUSG00000033981.15	D_4	INH_midbrain	Path 2	2	[[80598626, 80598741]]	0.2206562850305241
ENSMUSG00000033981.15:B1	ENSMUSG00000033981.15:B1	ENSMUSG00000033981.15	D_5	EX_cortical	Path 1	1	[[80597710, 80597825]]	0.8530184151061666
ENSMUSG00000033981.15:B1	ENSMUSG00000033981.15:B1	ENSMUSG00000033981.15	D_5	EX_cortical	Path 2	2	[[80598626, 80598741]]	0.1469815848938333
ENSMUSG00000033981.15:B1	ENSMUSG00000033981.15:B1	ENSMUSG00000033981.15	D_5	INH_midbrain	Path 1	1	[[80597710, 80597825]]	0.8096244497762579
ENSMUSG00000033981.15:B1	ENSMUSG00000033981.15:B1	ENSMUSG00000033981.15	D_5	INH_midbrain	Path 2	2	[[80598626, 80598741]]	0.1903755502237421
ENSMUSG00000033981.15:B1	ENSMUSG00000033981.15:B1	ENSMUSG00000033981.15	D_6	EX_cortical	Path 1	1	[[80597710, 80597825]]	0.8903301116352249
ENSMUSG00000033981.15:B1	ENSMUSG00000033981.15:B1	ENSMUSG00000033981.15	D_6	EX_cortical	Path 2	2	[[80598626, 80598741]]	0.1096698883647751
ENSMUSG00000033981.15:B1	ENSMUSG00000033981.15:B1	ENSMUSG00000033981.15	D_6	INH_midbrain	Path 1	1	[[80597710, 80597825]]	0.7874240410801611
ENSMUSG00000033981.15:B1	ENSMUSG00000033981.15:B1	ENSMUSG00000033981.15	D_6	INH_midbrain	Path 2	2	[[80598626, 80598741]]	0.212575958919839
ENSMUSG00000033981.15:B1	ENSMUSG00000033981.15:B1	ENSMUSG00000033981.15	D_7	EX_cortical	Path 1	1	[[80597710, 80597825]]	0.8501945510387359
ENSMUSG00000033981.15:B1	ENSMUSG00000033981.15:B1	ENSMUSG00000033981.15	D_7	EX_cortical	Path 2	2	[[80598626, 80598741]]	0.149805448961264
ENSMUSG00000033981.15:B1	ENSMUSG00000033981.15:B1	ENSMUSG00000033981.15	D_7	INH_midbrain	Path 1	1	[[80597710, 80597825]]	0.700634910391806
ENSMUSG00000033981.15:B1	ENSMUSG00000033981.15:B1	ENSMUSG00000033981.15	D_7	INH_midbrain	Path 2	2	[[80598626, 80598741]]	0.299365089608194
ENSMUSG00000033981.15:B1	ENSMUSG00000033981.15:B1	ENSMUSG00000033981.15	D_8	EX_cortical	Path 1	1	[[80597710, 80597825]]	0.8713763913466509
ENSMUSG00000033981.15:B1	ENSMUSG00000033981.15:B1	ENSMUSG00000033981.15	D_8	EX_cortical	Path 2	2	[[80598626, 80598741]]	0.128623608653349
ENSMUSG00000033981.15:B1	ENSMUSG00000033981.15:B1	ENSMUSG00000033981.15	D_8	INH_midbrain	Path 1	1	[[80597710, 80597825]]	0.8700297234326705
ENSMUSG00000033981.15:B1	ENSMUSG00000033981.15:B1	ENSMUSG00000033981.15	D_8	INH_midbrain	Path 2	2	[[80598626, 80598741]]	0.1299702765673295
ENSMUSG00000033981.15:B1	ENSMUSG00000033981.15:B1	ENSMUSG00000033981.15	E_1	EX_cortical	Path 1	1	[[80597710, 80597825]]	0.7620544894916381
ENSMUSG00000033981.15:B1	ENSMUSG00000033981.15:B1	ENSMUSG00000033981.15	E_1	EX_cortical	Path 2	2	[[80598626, 80598741]]	0.2379455105083619
ENSMUSG00000033981.15:B1	ENSMUSG00000033981.15:B1	ENSMUSG00000033981.15	E_1	INH_midbrain	Path 1	1	[[80597710, 80597825]]	0.7910628720538818
ENSMUSG00000033981.15:B1	ENSMUSG00000033981.15:B1	ENSMUSG00000033981.15	E_1	INH_midbrain	Path 2	2	[[80598626, 80598741]]	0.2089371279461183
ENSMUSG00000033981.15:B1	ENSMUSG00000033981.15:B1	ENSMUSG00000033981.15	E_2	EX_cortical	Path 1	1	[[80597710, 80597825]]	0.7045749241342175
ENSMUSG00000033981.15:B1	ENSMUSG00000033981.15:B1	ENSMUSG00000033981.15	E_2	EX_cortical	Path 2	2	[[80598626, 80598741]]	0.2954250758657825
ENSMUSG00000033981.15:B1	ENSMUSG00000033981.15:B1	ENSMUSG00000033981.15	E_3	EX_cortical	Path 1	1	[[80597710, 80597825]]	0.6941770620985986
ENSMUSG00000033981.15:B1	ENSMUSG00000033981.15:B1	ENSMUSG00000033981.15	E_3	EX_cortical	Path 2	2	[[80598626, 80598741]]	0.3058229379014014
ENSMUSG00000033981.15:B1	ENSMUSG00000033981.15:B1	ENSMUSG00000033981.15	E_3	INH_midbrain	Path 1	1	[[80597710, 80597825]]	0.7865654998179028
ENSMUSG00000033981.15:B1	ENSMUSG00000033981.15:B1	ENSMUSG00000033981.15	E_3	INH_midbrain	Path 2	2	[[80598626, 80598741]]	0.2134345001820972
ENSMUSG00000033981.15:B1	ENSMUSG00000033981.15:B1	ENSMUSG00000033981.15	E_4	EX_cortical	Path 1	1	[[80597710, 80597825]]	0.8964079629211089
ENSMUSG00000033981.15:B1	ENSMUSG00000033981.15:B1	ENSMUSG00000033981.15	E_4	EX_cortical	Path 2	2	[[80598626, 80598741]]	0.103592037078891
ENSMUSG00000033981.15:B1	ENSMUSG00000033981.15:B1	ENSMUSG00000033981.15	E_4	INH_midbrain	Path 1	1	[[80597710, 80597825]]	0.733178372500277
ENSMUSG00000033981.15:B1	ENSMUSG00000033981.15:B1	ENSMUSG00000033981.15	E_4	INH_midbrain	Path 2	2	[[80598626, 80598741]]	0.266821627499723
ENSMUSG00000033981.15:B1	ENSMUSG00000033981.15:B1	ENSMUSG00000033981.15	E_5	EX_cortical	Path 1	1	[[80597710, 80597825]]	0.8472421531690006
ENSMUSG00000033981.15:B1	ENSMUSG00000033981.15:B1	ENSMUSG00000033981.15	E_5	EX_cortical	Path 2	2	[[80598626, 80598741]]	0.1527578468309994
ENSMUSG00000033981.15:B1	ENSMUSG00000033981.15:B1	ENSMUSG00000033981.15	E_5	INH_midbrain	Path 1	1	[[80597710, 80597825]]	0.8910429624955641
ENSMUSG00000033981.15:B1	ENSMUSG00000033981.15:B1	ENSMUSG00000033981.15	E_5	INH_midbrain	Path 2	2	[[80598626, 80598741]]	0.1089570375044359
ENSMUSG00000033981.15:B1	ENSMUSG00000033981.15:B1	ENSMUSG00000033981.15	E_6	EX_cortical	Path 1	1	[[80597710, 80597825]]	0.8555493360885686
ENSMUSG00000033981.15:B1	ENSMUSG00000033981.15:B1	ENSMUSG00000033981.15	E_6	EX_cortical	Path 2	2	[[80598626, 80598741]]	0.1444506639114313
ENSMUSG00000033981.15:B1	ENSMUSG00000033981.15:B1	ENSMUSG00000033981.15	E_6	INH_midbrain	Path 1	1	[[80597710, 80597825]]	0.5566844678397914
ENSMUSG00000033981.15:B1	ENSMUSG00000033981.15:B1	ENSMUSG00000033981.15	E_6	INH_midbrain	Path 2	2	[[80598626, 80598741]]	0.4433155321602086
ENSMUSG00000033981.15:B1	ENSMUSG00000033981.15:B1	ENSMUSG00000033981.15	E_7	EX_cortical	Path 1	1	[[80597710, 80597825]]	0.7894048690715535
ENSMUSG00000033981.15:B1	ENSMUSG00000033981.15:B1	ENSMUSG00000033981.15	E_7	EX_cortical	Path 2	2	[[80598626, 80598741]]	0.2105951309284464
ENSMUSG00000033981.15:B1	ENSMUSG00000033981.15:B1	ENSMUSG00000033981.15	E_7	INH_midbrain	Path 1	1	[[80597710, 80597825]]	0.7362453016651448
ENSMUSG00000033981.15:B1	ENSMUSG00000033981.15:B1	ENSMUSG00000033981.15	E_7	INH_midbrain	Path 2	2	[[80598626, 80598741]]	0.2637546983348551
ENSMUSG00000033981.15:B1	ENSMUSG00000033981.15:B1	ENSMUSG00000033981.15	E_8	EX_cortical	Path 1	1	[[80597710, 80597825]]	0.859567329458996
ENSMUSG00000033981.15:B1	ENSMUSG00000033981.15:B1	ENSMUSG00000033981.15	E_8	EX_cortical	Path 2	2	[[80598626, 80598741]]	0.140432670541004
ENSMUSG00000033981.15:B1	ENSMUSG00000033981.15:B1	ENSMUSG00000033981.15	E_8	INH_midbrain	Path 1	1	[[80597710, 80597825]]	0.8451604813040519
ENSMUSG00000033981.15:B1	ENSMUSG00000033981.15:B1	ENSMUSG00000033981.15	E_8	INH_midbrain	Path 2	2	[[80598626, 80598741]]	0.1548395186959481
ENSMUSG00000033981.15:B1	ENSMUSG00000033981.15:B1	ENSMUSG00000033981.15	F_1	EX_cortical	Path 1	1	[[80597710, 80597825]]	0.8524959154833672
ENSMUSG00000033981.15:B1	ENSMUSG00000033981.15:B1	ENSMUSG00000033981.15	F_1	EX_cortical	Path 2	2	[[80598626, 80598741]]	0.1475040845166327
ENSMUSG00000033981.15:B1	ENSMUSG00000033981.15:B1	ENSMUSG00000033981.15	F_1	INH_midbrain	Path 1	1	[[80597710, 80597825]]	0.8981651249698402
ENSMUSG00000033981.15:B1	ENSMUSG00000033981.15:B1	ENSMUSG00000033981.15	F_1	INH_midbrain	Path 2	2	[[80598626, 80598741]]	0.1018348750301597
ENSMUSG00000033981.15:B1	ENSMUSG00000033981.15:B1	ENSMUSG00000033981.15	F_2	EX_cortical	Path 1	1	[[80597710, 80597825]]	0.7757345224638866
ENSMUSG00000033981.15:B1	ENSMUSG00000033981.15:B1	ENSMUSG00000033981.15	F_2	EX_cortical	Path 2	2	[[80598626, 80598741]]	0.2242654775361134
ENSMUSG00000033981.15:B1	ENSMUSG00000033981.15:B1	ENSMUSG00000033981.15	F_2	INH_midbrain	Path 1	1	[[80597710, 80597825]]	0.689497314518135
ENSMUSG00000033981.15:B1	ENSMUSG00000033981.15:B1	ENSMUSG00000033981.15	F_2	INH_midbrain	Path 2	2	[[80598626, 80598741]]	0.310502685481865
ENSMUSG00000033981.15:B1	ENSMUSG00000033981.15:B1	ENSMUSG00000033981.15	F_3	EX_cortical	Path 1	1	[[80597710, 80597825]]	0.6752724402498823
ENSMUSG00000033981.15:B1	ENSMUSG00000033981.15:B1	ENSMUSG00000033981.15	F_3	EX_cortical	Path 2	2	[[80598626, 80598741]]	0.3247275597501177
ENSMUSG00000033981.15:B1	ENSMUSG00000033981.15:B1	ENSMUSG00000033981.15	F_3	INH_midbrain	Path 1	1	[[80597710, 80597825]]	0.6832344358729603
ENSMUSG00000033981.15:B1	ENSMUSG00000033981.15:B1	ENSMUSG00000033981.15	F_3	INH_midbrain	Path 2	2	[[80598626, 80598741]]	0.3167655641270397
ENSMUSG00000033981.15:B1	ENSMUSG00000033981.15:B1	ENSMUSG00000033981.15	F_4	EX_cortical	Path 1	1	[[80597710, 80597825]]	0.82115559299416
ENSMUSG00000033981.15:B1	ENSMUSG00000033981.15:B1	ENSMUSG00000033981.15	F_4	EX_cortical	Path 2	2	[[80598626, 80598741]]	0.17884440700584
ENSMUSG00000033981.15:B1	ENSMUSG00000033981.15:B1	ENSMUSG00000033981.15	F_4	INH_midbrain	Path 1	1	[[80597710, 80597825]]	0.8277812904263849
ENSMUSG00000033981.15:B1	ENSMUSG00000033981.15:B1	ENSMUSG00000033981.15	F_4	INH_midbrain	Path 2	2	[[80598626, 80598741]]	0.1722187095736151
ENSMUSG00000033981.15:B1	ENSMUSG00000033981.15:B1	ENSMUSG00000033981.15	F_5	EX_cortical	Path 1	1	[[80597710, 80597825]]	0.5048021772932979
ENSMUSG00000033981.15:B1	ENSMUSG00000033981.15:B1	ENSMUSG00000033981.15	F_5	EX_cortical	Path 2	2	[[80598626, 80598741]]	0.4951978227067021
ENSMUSG00000033981.15:B1	ENSMUSG00000033981.15:B1	ENSMUSG00000033981.15	F_5	INH_midbrain	Path 1	1	[[80597710, 80597825]]	0.4131681671961764
ENSMUSG00000033981.15:B1	ENSMUSG00000033981.15:B1	ENSMUSG00000033981.15	F_5	INH_midbrain	Path 2	2	[[80598626, 80598741]]	0.5868318328038237
ENSMUSG00000033981.15:B1	ENSMUSG00000033981.15:B1	ENSMUSG00000033981.15	F_6	EX_cortical	Path 1	1	[[80597710, 80597825]]	0.8471409348451637
ENSMUSG00000033981.15:B1	ENSMUSG00000033981.15:B1	ENSMUSG00000033981.15	F_6	EX_cortical	Path 2	2	[[80598626, 80598741]]	0.1528590651548362
ENSMUSG00000033981.15:B1	ENSMUSG00000033981.15:B1	ENSMUSG00000033981.15	F_6	INH_midbrain	Path 1	1	[[80597710, 80597825]]	0.6572494449760443
ENSMUSG00000033981.15:B1	ENSMUSG00000033981.15:B1	ENSMUSG00000033981.15	F_6	INH_midbrain	Path 2	2	[[80598626, 80598741]]	0.3427505550239556
ENSMUSG00000033981.15:B1	ENSMUSG00000033981.15:B1	ENSMUSG00000033981.15	F_7	EX_cortical	Path 1	1	[[80597710, 80597825]]	0.7660039203505843
ENSMUSG00000033981.15:B1	ENSMUSG00000033981.15:B1	ENSMUSG00000033981.15	F_7	EX_cortical	Path 2	2	[[80598626, 80598741]]	0.2339960796494158
ENSMUSG00000033981.15:B1	ENSMUSG00000033981.15:B1	ENSMUSG00000033981.15	F_7	INH_midbrain	Path 1	1	[[80597710, 80597825]]	0.7748034478736607
ENSMUSG00000033981.15:B1	ENSMUSG00000033981.15:B1	ENSMUSG00000033981.15	F_7	INH_midbrain	Path 2	2	[[80598626, 80598741]]	0.2251965521263392
ENSMUSG00000033981.15:B1	ENSMUSG00000033981.15:B1	ENSMUSG00000033981.15	F_8	EX_cortical	Path 1	1	[[80597710, 80597825]]	0.8322510223875993
ENSMUSG00000033981.15:B1	ENSMUSG00000033981.15:B1	ENSMUSG00000033981.15	F_8	EX_cortical	Path 2	2	[[80598626, 80598741]]	0.1677489776124008
