test_id	null_type	analytic_p_value	calibrated_p_value	reference_nulls	degrees_of_freedom	denominator_df_bin	fdr
ENSG00000124333.16:B3	label_permutation	0.7611246323019227	0.5378151260504201	237	3	all	0.8547734099516782
ENSG00000124333.16_PAR_Y:B3	label_permutation	0.7611246323019227	0.5378151260504201	237	3	all	0.8547734099516782
ENSG00000104722.14:B1	label_permutation	3.3402097307575012e-09	0.004878048780487805	204	24	all	0.24323621227887615
ENSG00000104722.14:B2	label_permutation	0.0001332639788919	0.012048192771084338	165	48	all	0.24323621227887615
ENSG00000124164.15:B1	label_permutation	0.0002223187958982	0.009523809523809525	104	57	all	0.24323621227887615
ENSG00000124164.15:B2	label_permutation	0.3516125133182398	0.29896907216494845	96	19	all	0.6764194139194138
ENSG00000136715.18:B1	label_permutation	0.7831627937238438	0.45185185185185184	134	60	all	0.8049242424242424
ENSG00000152214.14:B1	label_permutation	0.3150103640841981	0.13804713804713806	296	4	all	0.4816196793808734
ENSG00000152214.14:B2	label_permutation	0.7685684588603835	0.45038167938931295	261	2	all	0.8049242424242424
ENSG00000166816.14:B1	label_permutation	0.9541964430234748	0.7184873949579832	237	3	all	0.9542410714285715
ENSG00000166816.14:B2	label_permutation	0.1352982875984823	0.06538461538461539	259	1	all	0.3304573804573805
ENSG00000176909.12:B2	label_permutation	0.3457825453682633	0.1919191919191919	197	10	all	0.5549620132953467
ENSG00000196757.8:B1	label_permutation	0.1024968167733594	0.03827751196172249	208	12	all	0.26051825020897185
ENSG00000196757.8:B2	label_permutation	0.0074979564487879	0.01098901098901099	272	6	all	0.24323621227887615
ENSG00000068078.18:B1	label_permutation	0.6554856067830788	0.40310077519379844	128	7	all	0.7868459808062663
ENSG00000072832.14:B1	label_permutation	1.1000072222972048e-05	0.01282051282051282	155	36	all	0.24323621227887615
ENSG00000090971.5:B1	label_permutation	0.9993859261739289	0.9014084507042254	70	39	all	1.0
ENSG00000099326.8:B1	label_permutation	0.9999909845427832	0.9041095890410958	72	27	all	1.0
ENSG00000101132.10:B1	label_permutation	0.9159349440914204	0.5454545454545454	109	30	all	0.8600610920198548
ENSG00000102390.10:B1	label_permutation	0.8805062763664798	0.6686390532544378	168	5	all	0.9374531484257871
ENSG00000103512.15:B1	label_permutation	0.995712168098	0.8049792531120332	240	20	all	0.9891992610020686
ENSG00000105072.9:B1	label_permutation	0.999989526405056	0.8571428571428571	13	55	all	0.999287495546847
ENSG00000106052.13:B1	label_permutation	4.88242099916567e-12	0.058823529411764705	16	150	all	0.3142857142857143
ENSG00000107593.17:B1	label_permutation	0.5643939841884968	0.30036630036630035	272	6	all	0.6764194139194138
ENSG00000111843.14:B1	label_permutation	0.74001280806804	0.43956043956043955	272	6	all	0.8049242424242424
ENSG00000113319.13:B1	label_permutation	3.6974326930862503e-19	0.03225806451612903	61	66	all	0.25560415527610714
ENSG00000114857.18:B1	label_permutation	1.8003008695458632e-23	0.04	24	208	all	0.26051825020897185
ENSG00000117115.13:B1	label_permutation	0.982886324157138	0.9259259259259259	80	9	all	1.0
ENSG00000118873.16:B1	label_permutation	0.847818953155115	0.44919786096256686	186	42	all	0.8049242424242424
ENSG00000120253.14:B1	label_permutation	0.8761307592639372	0.507177033492823	208	12	all	0.8268944330664681
ENSG00000122068.13:B1	label_permutation	0.0172929360427692	0.10227272727272728	87	72	all	0.42125550660792954
ENSG00000128050.8:B1	label_permutation	0.943295317714661	0.7397260273972602	72	56	all	0.9667004798876361
ENSG00000130035.7:B1	label_permutation	0.751423414701092	0.3689839572192513	186	42	all	0.7537789721195834
ENSG00000131323.14:B1	label_permutation	2.568527123727523e-05	0.04854368932038835	102	54	all	0.2981029810298103
ENSG00000134046.12:B1	label_permutation	0.9967026970818572	0.7555555555555555	134	60	all	0.9730639730639731
ENSG00000135205.15:B1	label_permutation	0.9999999102935684	0.95	39	102	all	1.0
ENSG00000138050.15:B1	label_permutation	0.0013184502005197	0.02040816326530612	48	64	all	0.24554861074636272
ENSG00000138834.12:B1	label_permutation	3.4580993575371187e-15	0.1111111111111111	8	200	all	0.42403628117913833
ENSG00000141750.7:B1	label_permutation	0.0354795773781781	0.07207207207207207	221	18	all	0.35281354653082403
ENSG00000143376.14:B1	label_permutation	0.9985239213392332	0.6875	15	132	all	0.9486434108527132
ENSG00000144331.20:B1	label_permutation	0.0001740324342498	0.04	24	90	all	0.26051825020897185
ENSG00000145592.14:B1	label_permutation	2.6949356834251902e-31	0.016129032258064516	61	66	all	0.24323621227887615
ENSG00000148824.19:B1	label_permutation	0.9870046200427908	0.7177033492822966	208	12	all	0.9542410714285715
ENSG00000151014.6:B1	label_permutation	0.9326482861559768	0.6446886446886447	272	6	all	0.9313271604938271
ENSG00000152270.9:B1	label_permutation	0.999198985324952	0.8296296296296296	134	60	all	0.9978558469404585
ENSG00000154096.13:B1	label_permutation	0.0372321606030358	0.168141592920354	112	38	all	0.5282127765349243
ENSG00000157212.18:B1	label_permutation	0.2994429895624627	0.16216216216216217	221	18	all	0.51925212884117
ENSG00000158859.10:B1	label_permutation	0.995671139426744	0.7070707070707071	296	4	all	0.9530579399141631
ENSG00000160352.15:B1	label_permutation	0.7952824004591575	0.4225352112676056	70	39	all	0.7977698339144123
ENSG00000162298.18:B1	label_permutation	0.999991284996882	0.7804878048780488	40	85	all	0.9871199324324325
ENSG00000163755.8:B1	label_permutation	0.9695839369150718	0.7951219512195122	204	24	all	0.9891992610020686
ENSG00000164244.20:B1	label_permutation	0.9093019970094366	0.55625	159	16	all	0.866183235369282
ENSG00000165119.21:B1	label_permutation	0.7839932616505091	0.5073170731707317	204	24	all	0.8268944330664681
ENSG00000166004.15:B1	label_permutation	1.954197533604286e-09	0.030303030303030304	32	88	all	0.25188577586206895
ENSG00000169946.14:B1	label_permutation	0.9023231923944848	0.5522388059701493	66	84	all	0.866183235369282
ENSG00000171067.11:B1	label_permutation	0.9943150664525926	0.8133333333333334	74	45	all	0.9914819643633204
ENSG00000172247.4:B1	label_permutation	0.0693918995662151	0.037815126050420166	237	3	all	0.26051825020897185
ENSG00000173517.10:B1	label_permutation	0.0109759946618387	0.024390243902439025	40	46	all	0.25188577586206895
ENSG00000176490.5:B1	label_permutation	7.310358761249755e-05	0.10619469026548672	112	38	all	0.42403628117913833
ENSG00000178163.8:B1	label_permutation	0.8187282719024743	0.3855421686746988	165	48	all	0.7702431183443841
ENSG00000179965.11:B1	label_permutation	0.9820195477013234	0.7612612612612613	221	18	all	0.9777187902187903
ENSG00000182141.10:B1	label_permutation	0.5069938465281101	0.4536082474226804	96	19	all	0.8049242424242424
ENSG00000184787.19:B1	label_permutation	0.4977340209043356	0.21951219512195122	40	85	all	0.6014619883040936
ENSG00000185896.11:B1	label_permutation	0.3156419683758031	0.24742268041237114	96	14	all	0.623489205634742
ENSG00000187627.15:B1	label_permutation	0.9877647506060214	0.7177033492822966	208	12	all	0.9542410714285715
ENSG00000189050.16:B1	label_permutation	0.9656287713893652	0.7902439024390244	204	24	all	0.9891992610020686
ENSG00000197380.11:B1	label_permutation	0.832790054416401	0.44976076555023925	208	12	all	0.8049242424242424
ENSG00000198482.12:B1	label_permutation	0.1180518499052851	0.1073170731707317	204	24	all	0.42403628117913833
ENSG00000203685.10:B1	label_permutation	0.8561249691441464	0.4857142857142857	104	28	all	0.8217974071632608
ENSG00000204991.11:B1	label_permutation	0.9977853176812314	0.675	39	102	all	0.9391741071428571
ENSG00000213672.8:B1	label_permutation	0.0048185518334868	0.06796116504854369	102	100	all	0.34064412707665404
ENSG00000226950.6:B1	label_permutation	0.9999970807306678	0.9253112033195021	240	20	all	1.0
ENSG00000231887.7:B1	label_permutation	0.8497307078668151	0.589041095890411	72	56	all	0.8883119752540876
ENSG00000236306.2:B1	label_permutation	1.0	1.0	259	1	all	1.0
ENSG00000242290.2:B1	label_permutation	1.0	1.0	40	46	all	1.0
ENSG00000248905.8:B1	label_permutation	2.049730793050532e-07	0.04	24	114	all	0.26051825020897185
ENSG00000254363.6:B1	label_permutation	0.8070807031977449	0.48091603053435117	261	2	all	0.8205410374993036
ENSG00000259495.2:B1	label_permutation	0.4364833744381771	0.2605042016806723	237	3	all	0.6418332323844135
ENSG00000267169.1:B1	label_permutation	0.6471156103151747	0.2948717948717949	155	36	all	0.6740956679831986
ENSG00000276234.5:B1	label_permutation	0.9840618651629908	0.7654320987654321	80	63	all	0.9804546208727394
ENSG00000139718.10:B1	label_permutation	0.4363075521388959	0.2465753424657534	72	23	all	0.623489205634742
ENSG00000139718.10:B2	label_permutation	0.9961994917978672	0.8048780487804879	40	46	all	0.9891992610020686
ENSG00000139718.10:B3	label_permutation	0.9998612346120233	0.9315068493150684	72	23	all	1.0
ENSG00000139718.10:B4	label_permutation	0.3841182335252589	0.2328767123287671	72	23	all	0.6077348066298343
ENSG00000166343.10:B1	label_permutation	0.7848373008603721	0.46153846153846156	272	6	all	0.8096406407851061
ENSG00000166343.10:B2	label_permutation	0.6665018831030014	0.4495798319327731	237	3	all	0.8049242424242424
ENSG00000166343.10:B3	label_permutation	0.6688020693789161	0.4495798319327731	237	3	all	0.8049242424242424
ENSG00000001497.16:B1	label_permutation	0.1529339635891808	0.13333333333333333	104	57	all	0.47044025157232705
ENSG00000001497.16:B2	label_permutation	0.8368824069236498	0.5752212389380531	112	38	all	0.875338753387534
ENSG00000049769.13:B1	label_permutation	0.7176829057737025	0.18181818181818182	109	30	all	0.5483870967741935
ENSG00000049769.13:B2	label_permutation	0.1816610572905159	0.11616161616161616	197	10	all	0.4330708661417323
ENSG00000124214.19:B1	label_permutation	0.0003515377254577	0.009523809523809525	104	57	all	0.24323621227887615
ENSG00000124214.19:B2	label_permutation	0.6503732413845245	0.5463917525773195	96	19	all	0.8600610920198548
ENSG00000136938.9:B1	label_permutation	0.99999581654033	0.9047619047619048	104	28	all	1.0
ENSG00000136938.9:B2	label_permutation	0.9993419742955244	0.845360824742268	96	14	all	0.9978558469404585
ENSG00000152520.14:B1	label_permutation	0.2341531276523781	0.0912863070539419	240	20	all	0.39884437895063407
ENSG00000152520.14:B2	label_permutation	0.0343695988664403	0.050505050505050504	197	10	all	0.3046594982078853
ENSG00000166922.8:B1	label_permutation	0.6199530693536597	0.28205128205128205	155	36	all	0.6631843427664639
ENSG00000166922.8:B2	label_permutation	0.001014871491803	0.02702702702702703	221	18	all	0.25188577586206895
ENSG00000177098.8:B1	label_permutation	0.1698669334028391	0.030303030303030304	32	65	all	0.25188577586206895
ENSG00000177098.8:B2	label_permutation	0.0672182133956965	0.09230769230769231	64	52	all	0.40143112701252237
ENSG00000197045.13:B1	label_permutation	0.9951181476204431	0.9073170731707317	204	24	all	1.0
ENSG00000197045.13:B2	label_permutation	0.7894692271538462	0.34615384615384615	155	36	all	0.735576923076923
ENSG00000240230.6:B1	label_permutation	0.0802989375552257	0.10810810810810811	221	18	all	0.42403628117913833
ENSG00000240230.6:B2	label_permutation	0.0874330339969429	0.08333333333333333	155	36	all	0.3728070175438596
ENSG00000007047.15:B1	label_permutation	0.0150133945491094	0.08163265306122448	48	76	all	0.3705171388943927
ENSG00000015171.19:B1	label_permutation	0.0007270931948549	0.030303030303030304	32	110	all	0.25188577586206895
ENSG00000069188.17:B1	label_permutation	0.9989281931863936	0.7168674698795181	165	48	all	0.9542410714285715
ENSG00000073969.18:B1	label_permutation	0.0155375213596706	0.0380952380952381	104	57	all	0.26051825020897185
ENSG00000078269.15:B1	label_permutation	2.7515435392396855e-12	0.058823529411764705	16	133	all	0.3142857142857143
ENSG00000087495.17:B1	label_permutation	1.996583794122662e-09	0.2	4	161	all	0.5683890577507599
ENSG00000091622.16:B1	label_permutation	0.1139699958945625	0.18584070796460178	112	38	all	0.5498767783129831
ENSG00000102781.14:B1	label_permutation	0.9998950675795188	0.88	74	45	all	1.0
ENSG00000105321.14:B1	label_permutation	0.755954932425539	0.43956043956043955	272	6	all	0.8049242424242424
ENSG00000107863.18:B1	label_permutation	1.842676420437912e-65	0.04	24	208	all	0.26051825020897185
ENSG00000109270.13:B1	label_permutation	0.2140119254267533	0.024390243902439025	40	11	all	0.25188577586206895
ENSG00000112130.17:B1	label_permutation	0.0112123677226489	0.10227272727272728	87	72	all	0.42125550660792954
ENSG00000115145.10:B1	label_permutation	0.6538318250534455	0.29411764705882354	186	42	all	0.6740196078431373
ENSG00000116161.17:B1	label_permutation	0.6902774941323221	0.5142857142857142	104	57	all	0.8333745976726912
ENSG00000119231.11:B1	label_permutation	0.142411137137543	0.1650485436893204	102	100	all	0.5248992801003897
ENSG00000120658.13:B1	label_permutation	0.9870058943493348	0.7422680412371134	96	14	all	0.9667004798876361
ENSG00000128585.18:B1	label_permutation	8.212723035572115e-09	0.07954545454545454	87	72	all	0.36847290640394087
ENSG00000131508.16:B1	label_permutation	0.8087678205617005	0.3525641025641026	155	36	all	0.7432432432432432
ENSG00000132932.17:B1	label_permutation	5.885670729136084e-12	0.035398230088495575	112	38	all	0.26051825020897185
ENSG00000137106.18:B1	label_permutation	0.9984867102047884	0.6486486486486487	36	35	all	0.9316228671067383
ENSG00000139266.6:B1	label_permutation	0.4221685526911407	0.21171171171171171	221	18	all	0.59089686701627
ENSG00000140688.17:B1	label_permutation	0.9999999999991804	1.0	29	78	all	1.0
ENSG00000142207.7:B1	label_permutation	0.999973747220223	0.9538461538461539	64	32	all	1.0
ENSG00000143486.16:B1	label_permutation	0.999198498391472	0.8881118881118881	142	40	all	1.0
ENSG00000151292.17:B1	label_permutation	0.8552391341244735	0.78125	31	95	all	0.9871199324324325
ENSG00000152503.9:B1	label_permutation	0.9288027983061856	0.5777777777777777	134	60	all	0.8755627588690797
ENSG00000154277.12:B1	label_permutation	4.10955128473281e-43	0.016129032258064516	61	66	all	0.24323621227887615
ENSG00000159147.18:B1	label_permutation	0.3658802030229425	0.18315018315018314	272	6	all	0.5498767783129831
ENSG00000162434.12:B1	label_permutation	0.984885750589142	0.5757575757575758	32	110	all	0.875338753387534
ENSG00000163873.10:B1	label_permutation	0.9987941073739408	0.8269230769230769	155	36	all	0.9978558469404585
ENSG00000164418.20:B1	label_permutation	0.0001253285467255	0.02912621359223301	102	100	all	0.25188577586206895
ENSG00000165280.16:B1	label_permutation	0.0017278458008619	0.02564102564102564	38	105	all	0.25188577586206895
ENSG00000166173.10:B1	label_permutation	0.868863429930692	0.6176470588235294	237	3	all	0.9060666762054658
ENSG00000167005.14:B1	label_permutation	0.9996639306136932	1.0	49	80	all	1.0
ENSG00000167987.11:B1	label_permutation	0.9935329945358846	0.8153153153153153	221	18	all	0.9926039320570571
ENSG00000168959.14:B1	label_permutation	0.7179280423203187	0.4249084249084249	272	6	all	0.7977698339144123
ENSG00000170185.9:B1	label_permutation	0.9706451328528134	0.7340425531914894	187	8	all	0.9612462006079028
ENSG00000171298.13:B1	label_permutation	1.0	1.0	8	152	all	1.0
ENSG00000172461.11:B1	label_permutation	7.151562669706586e-06	0.004878048780487805	204	24	all	0.24323621227887615
ENSG00000173848.19:B1	label_permutation	0.8348973838313969	0.4875	159	16	all	0.8217974071632608
ENSG00000175229.7:B1	label_permutation	0.3901969006548267	0.1717557251908397	261	2	all	0.5315268368942158
ENSG00000176871.8:B1	label_permutation	2.0687578015274265e-07	0.02040816326530612	48	76	all	0.24554861074636272
ENSG00000178425.14:B1	label_permutation	0.9999999999998884	0.8769230769230769	64	21	all	1.0
ENSG00000180376.16:B1	label_permutation	1.7384031060112048e-05	0.04	24	138	all	0.26051825020897185
ENSG00000182287.14:B1	label_permutation	0.8639693989241166	0.6036036036036037	221	18	all	0.895824395824396
ENSG00000183648.10:B1	label_permutation	0.0339898805782344	0.0136986301369863	72	56	all	0.24323621227887615
ENSG00000184986.11:B1	label_permutation	0.9999137264016408	0.9627659574468085	187	8	all	1.0
ENSG00000186166.9:B1	label_permutation	0.0959705552109302	0.0748663101604278	186	42	all	0.36142249710088914
ENSG00000188011.5:B1	label_permutation	0.1527665429547158	0.14814814814814814	80	9	all	0.49470899470899465
ENSG00000197608.11:B1	label_permutation	0.8579395893847575	0.5454545454545454	32	13	all	0.8600610920198548
ENSG00000198624.13:B1	label_permutation	0.2987258137765541	0.22485207100591717	168	5	all	0.6026455026455027
ENSG00000204060.7:B1	label_permutation	1.0	1.0	296	4	all	1.0
ENSG00000205583.13:B1	label_permutation	0.5512275943340297	0.36097560975609755	204	24	all	0.7450600333817907
ENSG00000223812.7:B1	label_permutation	0.1955070218574233	0.10679611650485436	102	15	all	0.42403628117913833
ENSG00000228061.6:B1	label_permutation	0.4309701277179617	0.19083969465648856	261	2	all	0.5549620132953467
ENSG00000232780.2:B1	label_permutation	0.3699152817563362	0.15648854961832062	261	2	all	0.5115971814445097
ENSG00000237248.5:B1	label_permutation	1.0	1.0	240	20	all	1.0
ENSG00000243444.8:B1	label_permutation	0.004938453792133	0.008298755186721992	240	20	all	0.24323621227887615
ENSG00000254960.2:B1	label_permutation	0.1685818426413685	0.11764705882352941	237	3	all	0.4330708661417323
ENSG00000260596.5:B1	label_permutation	1.0	1.0	261	2	all	1.0
ENSG00000267743.5:B1	label_permutation	0.5431473006497648	0.26153846153846155	259	1	all	0.6418332323844135
ENSG00000278619.5:B1	label_permutation	0.6975810734638526	0.4115384615384615	259	1	all	0.7905544147843943
ENSG00000176101.12:B1	label_permutation	0.786854354279195	0.7037037037037037	80	9	all	0.9530579399141631
ENSG00000176101.12:B2	label_permutation	0.38911977770785	0.23529411764705882	237	3	all	0.6077348066298343
ENSG00000176101.12:B3	label_permutation	0.4990695143210233	0.29831932773109243	237	3	all	0.6764194139194138
ENSG00000176101.12:B4	label_permutation	0.5325360193272144	0.2857142857142857	272	6	all	0.6674630218347262
ENSG00000168748.14:B1	label_permutation	0.748634636527378	0.5	259	1	all	0.8230633802816901
ENSG00000168748.14:B2	label_permutation	0.9999984313190836	0.8846153846153846	259	1	all	1.0
ENSG00000168748.14:B3	label_permutation	0.9999868861816992	0.8816793893129771	261	2	all	1.0
ENSG00000008083.14:B1	label_permutation	0.7852052313526399	0.3902439024390244	40	46	all	0.7702431183443841
ENSG00000008083.14:B2	label_permutation	0.8905233340663469	0.5342465753424658	72	23	all	0.8533048294140444
ENSG00000064989.13:B1	label_permutation	0.3965461530501728	0.16835016835016836	296	4	all	0.5282127765349243
ENSG00000064989.13:B2	label_permutation	0.5588778609708756	0.30036630036630035	272	6	all	0.6764194139194138
ENSG00000106682.14:B1	label_permutation	0.1858924298446852	0.2222222222222222	134	60	all	0.6026455026455027
ENSG00000106682.14:B2	label_permutation	0.6110775579547523	0.2572614107883817	240	20	all	0.6380355943955887
ENSG00000125375.14:B1	label_permutation	0.9884206584266214	0.9047619047619048	104	57	all	1.0
ENSG00000125375.14:B2	label_permutation	0.0077439155816609	0.1504424778761062	112	38	all	0.5005826221144459
ENSG00000137656.12:B1	label_permutation	0.9984880013476592	0.8247422680412371	96	14	all	0.9978558469404585
ENSG00000137656.12:B2	label_permutation	0.9016444076655586	0.751937984496124	128	7	all	0.9724232579583346
ENSG00000154511.12:B1	label_permutation	0.977919945443206	0.6986301369863014	72	27	all	0.9530579399141631
ENSG00000154511.12:B2	label_permutation	0.9771937963932824	0.7432432432432432	221	18	all	0.9667004798876361
ENSG00000245060.7:B1	label_permutation	0.9845681117684756	0.7095435684647303	240	20	all	0.9530579399141631
ENSG00000245060.7:B2	label_permutation	0.97011042664639	0.66875	159	16	all	0.9374531484257871
ENSG00000007933.13:B1	label_permutation	0.999999999999637	0.8888888888888888	296	4	all	1.0
ENSG00000054523.17:B1	label_permutation	3.215951573374597e-36	0.04	24	175	all	0.26051825020897185
ENSG00000074356.17:B1	label_permutation	0.9999826144069174	0.9230769230769231	38	105	all	1.0
ENSG00000078699.21:B1	label_permutation	0.8486787503911999	0.7903225806451613	61	66	all	0.9891992610020686
ENSG00000083642.19:B1	label_permutation	3.0893705113846363e-10	0.04	24	69	all	0.26051825020897185
ENSG00000092051.17:B1	label_permutation	4.890423407885151e-10	0.0053475935828877	186	42	all	0.24323621227887615
ENSG00000099954.18:B1	label_permutation	0.903470296338732	0.5103734439834025	240	20	all	0.8284707814661133
ENSG00000100505.13:B1	label_permutation	7.603165683357414e-09	0.006024096385542169	165	48	all	0.24323621227887615
ENSG00000101361.17:B1	label_permutation	4.2805854054367694e-16	0.015384615384615385	64	120	all	0.24323621227887615
ENSG00000102898.12:B1	label_permutation	0.4378843033916765	0.32653061224489793	48	22	all	0.7150026286861348
ENSG00000105409.18:B1	label_permutation	0.999835885363158	0.6	4	198	all	0.895824395824396
ENSG00000107951.14:B1	label_permutation	0.9955265618315964	0.6385542168674698	165	48	all	0.9256561128233864
ENSG00000109534.17:B1	label_permutation	0.7469107857826485	0.5	259	1	all	0.8230633802816901
ENSG00000110987.8:B1	label_permutation	0.3794712023187513	0.35294117647058826	16	17	all	0.7432432432432432
ENSG00000112200.17:B1	label_permutation	8.513801542252111e-14	0.058823529411764705	16	154	all	0.3142857142857143
ENSG00000115226.10:B1	label_permutation	0.3799337107562976	0.07317073170731707	40	11	all	0.35632621951219506
ENSG00000116221.15:B1	label_permutation	0.5423218213402852	0.29292929292929293	197	10	all	0.6740196078431373
ENSG00000122591.11:B1	label_permutation	0.4613491624584599	0.2815533980582524	102	15	all	0.6631843427664639
ENSG00000126267.10:B1	label_permutation	0.9997343876046194	0.9692307692307692	64	52	all	1.0
ENSG00000128708.13:B1	label_permutation	0.770333475161015	0.4794520547945205	72	56	all	0.8205410374993036
ENSG00000130396.20:B1	label_permutation	0.0039140753073491	0.2	24	208	all	0.5683890577507599
ENSG00000131771.14:B1	label_permutation	0.466075272505227	0.23717948717948717	155	36	all	0.6109168609168609
ENSG00000133026.12:B1	label_permutation	1.7981395960887773e-18	0.0625	15	132	all	0.32108516483516486
ENSG00000136238.18:B1	label_permutation	0.9310723451852148	0.6153846153846154	142	40	all	0.9046927914852445
ENSG00000138311.17:B1	label_permutation	0.2291054873563837	0.17475728155339806	102	54	all	0.5339805825242718
ENSG00000139405.16:B1	label_permutation	0.4632766535363634	0.2926829268292683	204	24	all	0.6740196078431373
ENSG00000142444.7:B1	label_permutation	0.3979396232210228	0.18660287081339713	208	12	all	0.5503901710111241
ENSG00000143554.14:B1	label_permutation	0.9994664972819662	0.9853658536585366	204	24	all	1.0
ENSG00000144668.12:B1	label_permutation	0.9800434977726028	0.6538461538461539	155	36	all	0.9333529066353493
ENSG00000145990.11:B1	label_permutation	1.6179030581583536e-05	0.1111111111111111	80	63	all	0.42403628117913833
ENSG00000147655.11:B1	label_permutation	0.3668546088297554	0.18468468468468469	221	18	all	0.5498767783129831
ENSG00000151376.16:B1	label_permutation	0.2955070562906851	0.22	49	80	all	0.6014619883040936
ENSG00000152669.9:B1	label_permutation	0.9981814160860302	0.8384615384615385	259	1	all	0.9978558469404585
ENSG00000154473.18:B1	label_permutation	0.8189400631417237	0.475	159	16	all	0.8205410374993036
ENSG00000157693.15:B1	label_permutation	0.975006085244506	0.7281553398058253	102	54	all	0.958559978309864
ENSG00000162545.6:B1	label_permutation	2.341879120316381e-12	0.04	24	25	all	0.26051825020897185
ENSG00000163374.19:B1	label_permutation	0.73444026553882	0.46	49	80	all	0.8084586466165414
ENSG00000165379.13:B1	label_permutation	0.014773480313698	0.03205128205128205	155	36	all	0.25560415527610714
ENSG00000167114.13:B1	label_permutation	0.6310567862125804	0.3786407766990291	102	15	all	0.7662968099861304
ENSG00000169064.12:B1	label_permutation	0.0651316990325243	0.18518518518518517	134	60	all	0.5498767783129831
ENSG00000170296.10:B1	label_permutation	0.999995176646304	0.797979797979798	296	4	all	0.9891992610020686
ENSG00000171444.18:B1	label_permutation	1.0	1.0	14	77	all	1.0
ENSG00000172572.6:B1	label_permutation	0.823965835691401	0.5076335877862596	261	2	all	0.8268944330664681
ENSG00000173992.9:B1	label_permutation	0.889911283291731	0.6851851851851852	53	50	all	0.9477043611658996
ENSG00000175352.11:B1	label_permutation	0.7613049716743205	0.44329896907216493	96	14	all	0.8049242424242424
ENSG00000178662.16:B1	label_permutation	0.0001571138311484	0.030303030303030304	32	44	all	0.25188577586206895
ENSG00000180628.15:B1	label_permutation	0.4462610544015315	0.35398230088495575	112	38	all	0.7437605647807497
ENSG00000182400.15:B1	label_permutation	0.9224417704034218	0.6515151515151515	197	10	all	0.9328739152628892
ENSG00000185056.10:B1	label_permutation	0.9999999597927284	0.865546218487395	237	3	all	1.0
ENSG00000196074.13:B1	label_permutation	0.9356220194667072	0.4307692307692308	64	120	all	0.8049242424242424
ENSG00000196782.12:B1	label_permutation	0.6726884277178167	0.3956043956043956	272	6	all	0.7770800627943485
ENSG00000197774.12:B1	label_permutation	0.6140682676468688	0.3977272727272727	87	72	all	0.7796121593291404
ENSG00000198700.10:B1	label_permutation	3.76126062089711e-27	0.011363636363636364	87	72	all	0.24323621227887615
ENSG00000204149.11:B1	label_permutation	1.832015739603019e-09	0.010309278350515464	96	19	all	0.24323621227887615
ENSG00000205740.2:B1	label_permutation	1.0	1.0	159	16	all	1.0
ENSG00000214367.7:B1	label_permutation	0.8613096251694972	0.42168674698795183	165	48	all	0.7977698339144123
ENSG00000224165.5:B1	label_permutation	0.9826605850925114	0.8047337278106509	168	5	all	0.9891992610020686
ENSG00000228351.2:B1	label_permutation	1.0	1.0	296	4	all	1.0
ENSG00000233290.2:B1	label_permutation	0.4569246039324813	0.4074074074074074	80	9	all	0.7902892561983471
ENSG00000237651.6:B1	label_permutation	0.997589438799037	0.9463414634146341	204	24	all	1.0
ENSG00000243943.10:B1	label_permutation	0.8726975426745918	0.47058823529411764	186	42	all	0.8177008177008177
ENSG00000255571.8:B1	label_permutation	0.2273054743629331	0.0410958904109589	72	56	all	0.26051825020897185
ENSG00000261064.1:B1	label_permutation	0.446258000308638	0.2230769230769231	259	1	all	0.6026455026455027
ENSG00000269293.2:B1	label_permutation	0.0493901534160608	0.01875	159	16	all	0.24554861074636272
ENSG00000005238.19:B2	label_permutation	0.5554015050379538	0.3488372093023256	128	7	all	0.7395981648473343
ENSG00000005238.19:B3	label_permutation	0.9549226032313526	0.1891891891891892	36	35	all	0.5549620132953467
ENSG00000117475.14:B1	label_permutation	0.6402602605082818	0.49230769230769234	64	32	all	0.8230633802816901
ENSG00000117475.14:B2	label_permutation	0.359494361698663	0.1	159	16	all	0.4192825112107623
ENSG00000117475.14:B3	label_permutation	0.9543005806554946	0.5	165	48	all	0.8230633802816901
ENSG00000177984.7:B1	label_permutation	0.9998359995273818	0.9361702127659575	187	8	all	1.0
ENSG00000177984.7:B4	label_permutation	0.8336115895404934	0.4713804713804714	296	4	all	0.8177008177008177
ENSG00000074590.13:B1	label_permutation	2.976172001721465e-05	0.16129032258064516	61	66	all	0.5182352289103204
ENSG00000074590.13:B2	label_permutation	0.0001016177474267	0.04081632653061224	48	22	all	0.26051825020897185
ENSG00000107949.17:B1	label_permutation	0.9815408211365956	0.8787878787878788	32	13	all	1.0
ENSG00000107949.17:B3	label_permutation	0.3088869365007937	0.2926829268292683	40	26	all	0.6740196078431373
ENSG00000126432.14:B1	label_permutation	0.4612992140935205	0.19148936170212766	187	8	all	0.5549620132953467
ENSG00000139726.11:B1	label_permutation	0.7358892330562352	0.3333333333333333	155	36	all	0.7231245166279968
ENSG00000139726.11:B2	label_permutation	0.2294473506350096	0.17475728155339806	102	54	all	0.5339805825242718
ENSG00000169020.10:B1	label_permutation	3.476255142337094e-05	0.013333333333333334	74	45	all	0.24323621227887615
ENSG00000169020.10:B2	label_permutation	0.0009236709819594	0.00909090909090909	109	30	all	0.24323621227887615
ENSG00000180998.12:B1	label_permutation	0.9977145585157068	0.8666666666666667	74	45	all	1.0
ENSG00000180998.12:B2	label_permutation	0.8820704422767756	0.4727272727272727	109	30	all	0.8185185185185185
ENSG00000198157.10:B2	label_permutation	0.7533245902938983	0.4878048780487805	204	24	all	0.8217974071632608
ENSG00000250479.8:B1	label_permutation	0.7584542166599499	0.22727272727272727	109	30	all	0.6036931818181818
ENSG00000250479.8:B2	label_permutation	0.3112735552431763	0.16666666666666666	197	10	all	0.5264639639639639
ENSG00000020129.16:B1	label_permutation	3.265178865381524e-09	0.046153846153846156	64	120	all	0.2876923076923077
ENSG00000041353.10:B1	label_permutation	1.0	1.0	104	28	all	1.0
ENSG00000055917.15:B1	label_permutation	0.359655765317548	0.21875	31	115	all	0.6014619883040936
ENSG00000070214.16:B1	label_permutation	1.8693104670587337e-26	0.015384615384615385	64	120	all	0.24323621227887615
ENSG00000074842.7:B1	label_permutation	0.1989913313646317	0.07744107744107744	296	4	all	0.36203703703703705
ENSG00000088833.17:B1	label_permutation	0.9963977278062656	0.5641025641025641	38	105	all	0.8717948717948718
ENSG00000092421.16:B1	label_permutation	0.9999995033655814	0.84	24	90	all	0.9978558469404585
ENSG00000101457.13:B1	label_permutation	0.4114328962896171	0.24789915966386555	237	3	all	0.623489205634742
ENSG00000102984.15:B1	label_permutation	0.9767267841819196	0.8341463414634146	204	24	all	0.9978558469404585
ENSG00000104332.12:B1	label_permutation	0.1881449916998575	0.08076923076923077	259	1	all	0.3701923076923077
ENSG00000105520.10:B1	label_permutation	0.9994577963089852	0.6615384615384615	64	120	all	0.9357616664727103
ENSG00000106554.13:B1	label_permutation	0.4908118256470206	0.2777777777777778	197	10	all	0.6627848101265823
ENSG00000109736.15:B1	label_permutation	0.9999999999794388	1.0	165	48	all	1.0
ENSG00000111229.16:B1	label_permutation	0.6600876682996595	0.5384615384615384	64	32	all	0.8547734099516782
ENSG00000112305.14:B2	label_permutation	0.0027686980635712	0.0374331550802139	186	42	all	0.26051825020897185
ENSG00000113805.8:B1	label_permutation	2.809438069275707e-07	0.00625	159	16	all	0.24323621227887615
ENSG00000115306.16:B1	label_permutation	5.235349389895441e-105	0.1111111111111111	8	130	all	0.42403628117913833
ENSG00000116350.17:B1	label_permutation	0.0169056932557612	0.058823529411764705	186	42	all	0.3142857142857143
ENSG00000117598.12:B1	label_permutation	0.9800526942013824	0.6889952153110048	208	12	all	0.9486434108527132
ENSG00000119522.16:B1	label_permutation	0.2639367478825816	0.208955223880597	66	84	all	0.5867061090941688
ENSG00000124783.14:B1	label_permutation	0.5428869565642775	0.23236514522821577	240	20	all	0.6077348066298343
ENSG00000126698.11:B1	label_permutation	0.9886993564278228	0.7058823529411765	186	42	all	0.9530579399141631
ENSG00000128881.17:B1	label_permutation	0.7581844772160702	0.4574468085106383	187	8	all	0.8054854349481106
ENSG00000130559.19:B1	label_permutation	0.0039918693011893	0.14074074074074075	134	60	all	0.48558152248189157
ENSG00000131876.17:B1	label_permutation	0.9759741903405172	0.8090909090909091	109	30	all	0.9901832460732984
ENSG00000133104.14:B1	label_permutation	0.611077894872988	0.325	39	125	all	0.7133215962441315
ENSG00000134461.16:B1	label_permutation	0.9729189797479424	0.7551020408163265	48	33	all	0.9730639730639731
ENSG00000135537.16:B1	label_permutation	0.8404946577372331	0.5804878048780487	204	24	all	0.8777234423437976
ENSG00000136319.12:B1	label_permutation	0.9993642381240972	0.7289156626506024	165	48	all	0.958559978309864
ENSG00000138398.16:B1	label_permutation	6.98758938927992e-13	0.03125	31	104	all	0.25188577586206895
ENSG00000139597.18:B1	label_permutation	0.018127984426297	0.03076923076923077	64	32	all	0.25188577586206895
ENSG00000142655.13:B1	label_permutation	0.7403960154759677	0.4489795918367347	48	22	all	0.8049242424242424
ENSG00000143641.10:B1	label_permutation	0.5307216409339396	0.16129032258064516	30	68	all	0.5182352289103204
ENSG00000144771.8:B1	label_permutation	0.8047706821496787	0.48091603053435117	261	2	all	0.8205410374993036
ENSG00000147853.17:B1	label_permutation	0.0103263254951337	0.01775147928994083	168	5	all	0.24554861074636272
ENSG00000149480.7:B1	label_permutation	0.9070840261783428	0.5714285714285714	104	28	all	0.875338753387534
ENSG00000151490.14:B1	label_permutation	0.9996667739169895	0.6666666666666666	8	112	all	0.9373433583959898
ENSG00000152931.7:B1	label_permutation	1.9157852583176303e-05	0.04	24	34	all	0.26051825020897185
ENSG00000154678.17:B1	label_permutation	0.0006247152068433	0.024096385542168676	165	48	all	0.25188577586206895
ENSG00000157869.15:B1	label_permutation	0.9616738304767902	0.6182572614107884	240	20	all	0.9060666762054658
ENSG00000159433.12:B1	label_permutation	0.3781017522863914	0.2537313432835821	66	84	all	0.6343283582089553
ENSG00000163430.12:B1	label_permutation	0.998699729300422	0.6486486486486487	36	35	all	0.9316228671067383
ENSG00000163956.12:B1	label_permutation	6.662013838452634e-05	0.020618556701030927	96	19	all	0.24554861074636272
ENSG00000164603.12:B1	label_permutation	0.983303735060778	0.7702702702702703	221	18	all	0.9804546208727394
ENSG00000165487.14:B1	label_permutation	0.9628845304161544	0.7538461538461538	64	32	all	0.9730639730639731
ENSG00000167216.16:B1	label_permutation	0.9268617322956878	0.88	24	25	all	1.0
ENSG00000168234.13:B1	label_permutation	0.8806798461760954	0.36363636363636365	32	65	all	0.748898678414097
ENSG00000169181.13:B1	label_permutation	0.9999999999996702	0.9	159	16	all	1.0
ENSG00000170381.14:B1	label_permutation	0.6230527673981505	0.2822966507177033	208	12	all	0.6631843427664639
ENSG00000171509.16:B1	label_permutation	0.9997434733443326	0.9029126213592233	102	54	all	1.0
ENSG00000172757.13:B1	label_permutation	0.9999960876559196	0.875	7	192	all	1.0
ENSG00000174206.12:B1	label_permutation	0.8069933139557717	0.4024896265560166	240	20	all	0.7868459808062663
ENSG00000177119.16:B1	label_permutation	0.98808732326173	0.7123287671232876	72	27	all	0.9530579399141631
ENSG00000178904.19:B1	label_permutation	0.9999537227107628	0.7887323943661971	70	75	all	0.9891992610020686
ENSG00000180881.19:B1	label_permutation	0.0095502871355022	0.015384615384615385	64	32	all	0.24323621227887615
ENSG00000183864.5:B1	label_permutation	0.9958838486708372	0.7945205479452054	72	23	all	0.9891992610020686
ENSG00000185222.10:B1	label_permutation	0.6751723341472682	0.3838383838383838	197	10	all	0.7684986914108969
ENSG00000186453.13:B1	label_permutation	0.9999998033111548	0.9279279279279279	221	18	all	1.0
ENSG00000188283.11:B1	label_permutation	0.9976432569144852	0.7464788732394366	70	75	all	0.9667004798876361
ENSG00000196177.12:B1	label_permutation	0.413454397492264	0.21171171171171171	221	18	all	0.59089686701627
ENSG00000197857.13:B1	label_permutation	0.4732048536368172	0.19718309859154928	70	39	all	0.5638110005599345
ENSG00000198739.11:B1	label_permutation	0.005172946359906	0.06060606060606061	32	44	all	0.32015065913371
ENSG00000204227.5:B1	label_permutation	0.1109790905640588	0.04979253112033195	240	20	all	0.3023117960877297
ENSG00000205978.6:B1	label_permutation	1.0	1.0	168	5	all	1.0
ENSG00000214942.5:B1	label_permutation	0.9998112828473178	0.9191919191919192	197	10	all	1.0
ENSG00000224843.7:B1	label_permutation	0.9868527698763048	0.7689075630252101	237	3	all	0.9804546208727394
ENSG00000228748.2:B1	label_permutation	0.9999999999999992	0.8922558922558923	296	4	all	1.0
ENSG00000238105.7:B1	label_permutation	0.9999422902826076	0.8192771084337349	165	48	all	0.9935461691122467
ENSG00000244462.8:B1	label_permutation	0.7017426794175723	0.4489795918367347	48	76	all	0.8049242424242424
ENSG00000250608.1:B1	label_permutation	2.756007605723734e-09	0.0045045045045045045	221	18	all	0.24323621227887615
ENSG00000256294.8:B1	label_permutation	0.5789195851627603	0.41420118343195267	168	5	all	0.7933881492418264
ENSG00000283156.1:B1	label_permutation	0.270051319324067	0.06382978723404255	187	8	all	0.32612486920125566
ENSG00000059769.20:B1	label_permutation	0.0881751615703113	0.09467455621301775	168	5	all	0.40792953944318705
ENSG00000059769.20:B2	label_permutation	0.0446245283582112	0.05555555555555555	197	10	all	0.3142857142857143
ENSG00000059769.20:B3	label_permutation	0.1477134781515907	0.1301775147928994	168	5	all	0.46104536489151876
ENSG00000123297.18:B2	label_permutation	1.0	1.0	272	6	all	1.0
ENSG00000184887.13:B2	label_permutation	0.5844926663492234	0.5185185185185185	80	9	all	0.8373312863813727
ENSG00000080493.17:B1	label_permutation	0.2205548633434581	0.11188811188811189	142	40	all	0.4247062308679767
ENSG00000111880.16:B1	label_permutation	0.0695923102888782	0.030303030303030304	32	13	all	0.25188577586206895
ENSG00000111880.16:B3	label_permutation	0.0805829913818699	0.17073170731707318	40	26	all	0.53034600113443
ENSG00000128245.15:B1	label_permutation	3.0170450561507016e-34	0.012345679012345678	80	63	all	0.24323621227887615
ENSG00000128245.15:B2	label_permutation	7.780510159390238e-19	0.0053475935828877	186	42	all	0.24323621227887615
ENSG00000141391.14:B1	label_permutation	0.923448127224432	0.7669902912621359	102	15	all	0.9804546208727394
ENSG00000141391.14:B2	label_permutation	0.4943818694399228	0.3431952662721893	168	5	all	0.7342965079279108
ENSG00000158828.8:B1	label_permutation	0.9700343489630976	0.6307053941908713	240	20	all	0.9199836873142975
ENSG00000158828.8:B2	label_permutation	0.6716703382083462	0.3838383838383838	197	10	all	0.7684986914108969
ENSG00000169884.14:B1	label_permutation	0.94955016465681	0.6503496503496503	142	40	all	0.9326333176026428
ENSG00000169884.14:B2	label_permutation	0.2505109052449888	0.23076923076923078	64	32	all	0.6077348066298343
ENSG00000182362.14:B1	label_permutation	0.9370588025345218	0.6556776556776557	272	6	all	0.934065934065934
ENSG00000182362.14:B2	label_permutation	0.9708711952377432	0.7142857142857143	272	6	all	0.9540816326530612
ENSG00000198932.13:B1	label_permutation	2.9787170920020304e-11	0.022222222222222223	134	60	all	0.25188577586206895
ENSG00000198932.13:B2	label_permutation	1.828207816825613e-07	0.03496503496503497	142	40	all	0.26051825020897185
ENSG00000260083.1:B1	label_permutation	0.99999823656922	1.0	96	14	all	1.0
ENSG00000260083.1:B2	label_permutation	0.999678601091228	0.9844961240310077	128	7	all	1.0
ENSG00000008952.17:B1	label_permutation	1.1959041587686353e-13	0.015384615384615385	64	52	all	0.24323621227887615
ENSG00000022567.9:B1	label_permutation	0.9355734514502893	0.7592592592592593	53	50	all	0.9764888685108768
ENSG00000043093.14:B1	label_permutation	5.302460212109547e-06	0.03125	31	95	all	0.25188577586206895
ENSG00000057294.14:B1	label_permutation	0.6663707103132471	0.34574468085106386	187	8	all	0.735576923076923
ENSG00000070614.15:B1	label_permutation	1.0	1.0	3	160	all	1.0
ENSG00000079739.17:B1	label_permutation	0.0109244857802421	0.015957446808510637	187	8	all	0.24323621227887615
ENSG00000084676.15:B1	label_permutation	5.948696540442738e-05	0.025	39	125	all	0.25188577586206895
ENSG00000089048.14:B1	label_permutation	0.0008342227306711	0.12244897959183673	48	22	all	0.44722576530612246
ENSG00000092969.12:B1	label_permutation	0.747294878975659	0.3771043771043771	296	4	all	0.764842934040331
ENSG00000100095.19:B1	label_permutation	0.9999993665437082	0.9611650485436893	102	100	all	1.0
ENSG00000104472.10:B1	label_permutation	0.7589735536077693	0.42748091603053434	261	2	all	0.8009912955682357
ENSG00000106636.8:B1	label_permutation	0.8386991645388595	0.4825174825174825	142	40	all	0.8217738545607398
ENSG00000108349.17:B1	label_permutation	0.0003550966367693	0.03125	31	115	all	0.25188577586206895
ENSG00000109881.17:B1	label_permutation	6.920050990163304e-06	0.0045045045045045045	221	18	all	0.24323621227887615
ENSG00000111275.13:B1	label_permutation	0.1471582046417066	0.07983193277310924	237	3	all	0.36847290640394087
ENSG00000114030.13:B1	label_permutation	0.4265623048066525	0.3142857142857143	104	57	all	0.6946977372509286
ENSG00000115419.12:B1	label_permutation	1.009291005218253e-18	0.030303030303030304	32	88	all	0.25188577586206895
ENSG00000116514.16:B2	label_permutation	0.5239062021125283	0.35502958579881655	168	5	all	0.7442884814392231
ENSG00000119638.13:B1	label_permutation	0.1044455932209477	0.15384615384615385	64	120	all	0.5082902962761621
ENSG00000120907.17:B1	label_permutation	0.9237977947131574	0.7123287671232876	72	56	all	0.9530579399141631
ENSG00000122958.15:B1	label_permutation	0.9376255853946572	0.5733333333333334	74	45	all	0.875338753387534
ENSG00000125037.12:B1	label_permutation	0.968035720778114	0.7099236641221374	261	2	all	0.9530579399141631
ENSG00000129055.12:B1	label_permutation	0.6647416500556523	0.3838383838383838	197	10	all	0.7684986914108969
ENSG00000132128.16:B1	label_permutation	0.99655974821626	0.6	24	90	all	0.895824395824396
ENSG00000133138.20:B1	label_permutation	0.85685015035784	0.494949494949495	296	4	all	0.8230633802816901
ENSG00000134627.12:B1	label_permutation	0.9997374922454	1.0	80	9	all	1.0
ENSG00000135637.13:B1	label_permutation	0.9999999999987884	1.0	6	49	all	1.0
ENSG00000136485.15:B1	label_permutation	0.4173289743425382	0.16597510373443983	240	20	all	0.5260566847176313
ENSG00000137500.9:B1	label_permutation	0.963628463632155	0.6790123456790124	80	63	all	0.9405578417924098
ENSG00000138459.9:B1	label_permutation	0.822333714889915	0.4149377593360996	240	20	all	0.7933881492418264
ENSG00000139668.9:B1	label_permutation	0.0001417406179794	0.11504424778761062	112	38	all	0.4330708661417323
ENSG00000141338.14:B1	label_permutation	0.2806559032028411	0.1391941391941392	272	6	all	0.48202414869081533
ENSG00000142871.17:B1	label_permutation	0.0778675428860796	0.08875739644970414	168	5	all	0.3896158013167764
ENSG00000144848.10:B1	label_permutation	0.1848385293446589	0.07177033492822966	208	12	all	0.35281354653082403
ENSG00000146282.18:B1	label_permutation	0.5858416816334042	0.23529411764705882	186	42	all	0.6077348066298343
ENSG00000148110.15:B1	label_permutation	0.9792084395681544	0.7252747252747253	272	6	all	0.958559978309864
ENSG00000149654.9:B1	label_permutation	0.460371238929368	0.20095693779904306	208	12	all	0.569377990430622
ENSG00000153037.14:B1	label_permutation	0.9943806399173448	1.0	61	66	all	1.0
ENSG00000154813.10:B1	label_permutation	0.0366534387006874	0.02356902356902357	296	4	all	0.25188577586206895
ENSG00000156467.9:B1	label_permutation	0.9984485648667168	0.8461538461538461	142	40	all	0.9978558469404585
ENSG00000158023.10:B1	label_permutation	0.9398938324206236	0.26666666666666666	14	77	all	0.6476190476190476
ENSG00000162650.16:B1	label_permutation	0.2250352639626779	0.17560975609756097	204	24	all	0.5348375307857313
ENSG00000163491.16:B1	label_permutation	0.2154239194423088	0.075	39	102	all	0.36142249710088914
ENSG00000164038.15:B1	label_permutation	0.1065030359093727	0.06451612903225806	30	68	all	0.3278401122019635
ENSG00000165548.11:B1	label_permutation	0.9889987427930298	0.15384615384615385	12	108	all	0.5082902962761621
ENSG00000166432.15:B1	label_permutation	0.3235900186634609	0.26136363636363635	87	72	all	0.6418332323844135
ENSG00000167363.14:B1	label_permutation	0.8023562204378487	0.4195804195804196	142	40	all	0.7973733583489682
ENSG00000168300.14:B1	label_permutation	0.0021804379900351	0.13432835820895522	66	84	all	0.47140593488908095
ENSG00000171649.12:B1	label_permutation	0.9977525008617928	0.8383838383838383	197	10	all	0.9978558469404585
ENSG00000178996.14:B1	label_permutation	0.9971722968486672	0.7769230769230769	259	1	all	0.9856486796785304
ENSG00000185344.14:B1	label_permutation	0.8110962363449276	0.5333333333333333	29	78	all	0.8533048294140444
ENSG00000186591.12:B1	label_permutation	0.999910490764226	0.4444444444444444	35	126	all	0.8049242424242424
ENSG00000188419.14:B1	label_permutation	0.9529385772625444	0.8476190476190476	104	57	all	0.9978558469404585
ENSG00000196967.10:B2	label_permutation	0.0958840195373736	0.14432989690721648	96	19	all	0.4945054945054945
ENSG00000197965.12:B1	label_permutation	0.9845241673042702	0.8181818181818182	109	30	all	0.9935064935064936
ENSG00000204301.6:B1	label_permutation	0.0305091463502333	0.020202020202020204	296	4	all	0.24554861074636272
ENSG00000206527.10:B1	label_permutation	0.7712222166909848	0.4774774774774775	221	18	all	0.8205410374993036
ENSG00000225151.10:B1	label_permutation	0.9985577591118686	0.8484848484848485	197	10	all	0.9978558469404585
ENSG00000229689.3:B1	label_permutation	0.9266408592636096	0.6648936170212766	187	8	all	0.9373433583959898
ENSG00000233930.3:B1	label_permutation	6.059610666213216e-05	0.009523809523809525	104	57	all	0.24323621227887615
ENSG00000239407.5:B1	label_permutation	0.2628974125273375	0.1282051282051282	272	6	all	0.4587268490126334
ENSG00000245149.3:B1	label_permutation	0.426601066267951	0.30177514792899407	168	5	all	0.6764194139194138
ENSG00000251011.5:B1	label_permutation	0.6700339206355437	0.43902439024390244	40	11	all	0.8049242424242424
ENSG00000262096.2:B1	label_permutation	0.2511102509753398	0.11538461538461539	259	1	all	0.4330708661417323
ENSG00000270885.1:B1	label_permutation	0.9991845201096436	0.8520710059171598	168	5	all	0.9978558469404585
ENSG00000284052.1:B1	label_permutation	0.7853239202820093	0.3923444976076555	208	12	all	0.7722991689750692
ENSG00000073464.12:B1	label_permutation	0.264290365845936	0.12299465240641712	186	42	all	0.4474708171206226
ENSG00000073464.12:B2	label_permutation	0.057474834614165	0.06153846153846154	64	21	all	0.32108516483516486
ENSG00000073464.12:B4	label_permutation	0.1190085926252238	0.06153846153846154	64	21	all	0.32108516483516486
ENSG00000131043.12:B1	label_permutation	0.8762136011361276	0.5610687022900763	261	2	all	0.8699821503171168
ENSG00000131043.12:B2	label_permutation	0.6080152059502013	0.3384615384615385	259	1	all	0.727497789566755
ENSG00000131043.12:B3	label_permutation	0.9978236785012624	0.8038461538461539	259	1	all	0.9891992610020686
ENSG00000186575.17:B1	label_permutation	0.5828060425206423	0.22535211267605634	70	39	all	0.6026455026455027
ENSG00000186575.17:B2	label_permutation	0.3146221983122458	0.06060606060606061	32	13	all	0.32015065913371
ENSG00000186575.17:B3	label_permutation	0.9996078815097224	0.9692307692307692	64	52	all	1.0
ENSG00000114739.14:B1	label_permutation	0.9131795705410418	0.46794871794871795	155	36	all	0.8177008177008177
ENSG00000114739.14:B2	label_permutation	0.854766081557935	0.581081081081081	221	18	all	0.8777234423437976
ENSG00000143183.16:B2	label_permutation	0.9983346019203166	0.9090909090909091	109	30	all	1.0
ENSG00000160193.11:B1	label_permutation	0.853216970114284	0.7283950617283951	80	9	all	0.958559978309864
ENSG00000160193.11:B2	label_permutation	0.570791953473027	0.35294117647058826	237	3	all	0.7432432432432432
ENSG00000170584.11:B1	label_permutation	0.9965687152664544	0.6566265060240963	165	48	all	0.934065934065934
ENSG00000170584.11:B2	label_permutation	0.9259068940040468	0.575	159	16	all	0.875338753387534
ENSG00000184156.17:B1	label_permutation	0.9999912886376898	0.8	64	120	all	0.9891992610020686
ENSG00000184156.17:B2	label_permutation	0.0213093206270294	0.02074688796680498	240	20	all	0.24554861074636272
ENSG00000204387.13:B1	label_permutation	0.9999999999999998	0.9369369369369369	221	18	all	1.0
ENSG00000204387.13:B2	label_permutation	0.8524516619396565	0.5347985347985348	272	6	all	0.8533048294140444
ENSG00000267053.6:B1	label_permutation	0.9999999914838894	0.9253112033195021	240	20	all	1.0
ENSG00000267053.6:B2	label_permutation	0.9988119201128868	0.8589211618257261	240	20	all	1.0
ENSG00000010072.16:B1	label_permutation	0.61172376998864	0.3333333333333333	272	6	all	0.7231245166279968
ENSG00000024048.10:B1	label_permutation	2.008461437292405e-10	0.006024096385542169	165	48	all	0.24323621227887615
ENSG00000046651.15:B1	label_permutation	0.9999999973977002	1.0	39	125	all	1.0
ENSG00000066084.13:B1	label_permutation	0.2451578106902414	0.3870967741935484	61	66	all	0.7702431183443841
ENSG00000085377.14:B1	label_permutation	0.3679532108239489	0.23255813953488372	128	7	all	0.6077348066298343
ENSG00000100146.17:B1	label_permutation	0.9999978936152106	0.9545454545454546	197	10	all	1.0
ENSG00000100711.13:B1	label_permutation	0.0803861627487188	0.3	29	78	all	0.6764194139194138
ENSG00000101746.15:B1	label_permutation	0.1076123128666886	0.1111111111111111	8	119	all	0.42403628117913833
ENSG00000106733.21:B1	label_permutation	0.6056603359303097	0.3047619047619048	104	28	all	0.6768465105757268
ENSG00000110002.15:B1	label_permutation	0.8076630567328972	0.526595744680851	187	8	all	0.8459914454924325
ENSG00000111412.6:B1	label_permutation	0.4793075903334413	0.1	109	30	all	0.4192825112107623
ENSG00000112651.12:B1	label_permutation	0.7415882373634457	0.3588516746411483	208	12	all	0.7450600333817907
ENSG00000116667.14:B1	label_permutation	0.749867185749555	0.37037037037037035	80	63	all	0.7544581618655692
ENSG00000117899.11:B1	label_permutation	0.9999977328897964	0.9185185185185185	134	60	all	1.0
ENSG00000119707.14:B1	label_permutation	1.8808886753673008e-25	0.03333333333333333	29	78	all	0.26051825020897185
ENSG00000123130.17:B1	label_permutation	0.6235412903808003	0.2572614107883817	240	20	all	0.6380355943955887
ENSG00000130731.16:B1	label_permutation	0.9738061661257452	0.5421686746987951	165	48	all	0.8591995099040228
ENSG00000132275.11:B1	label_permutation	0.6543713767356623	0.29411764705882354	186	42	all	0.6740196078431373
ENSG00000134758.14:B1	label_permutation	0.3572699715219554	0.226890756302521	237	3	all	0.6036931818181818
ENSG00000135709.12:B1	label_permutation	1.0809785244055332e-07	0.1111111111111111	80	63	all	0.42403628117913833
ENSG00000136560.13:B1	label_permutation	0.9999773501207552	1.0	49	80	all	1.0
ENSG00000138604.10:B1	label_permutation	0.0432175504035976	0.0547945205479452	72	27	all	0.3142857142857143
ENSG00000143079.15:B1	label_permutation	0.8198663234071403	0.4563106796116505	102	54	all	0.8050009159186665
ENSG00000145022.4:B1	label_permutation	0.7255740616754152	0.19090909090909092	109	30	all	0.5549620132953467
ENSG00000148248.14:B1	label_permutation	0.9940547509280258	0.7333333333333333	134	60	all	0.9612462006079028
ENSG00000149798.5:B1	label_permutation	0.9211103717417226	0.6115384615384616	259	1	all	0.9018745450133463
ENSG00000153233.13:B1	label_permutation	1.7404995660589046e-06	0.11764705882352941	16	96	all	0.4330708661417323
ENSG00000154975.14:B1	label_permutation	0.3487121516715091	0.1443850267379679	186	42	all	0.4945054945054945
ENSG00000156515.23:B1	label_permutation	0.999999999999988	0.8055555555555556	35	126	all	0.9891992610020686
ENSG00000158195.11:B1	label_permutation	0.9227385958573168	0.56875	159	16	all	0.875338753387534
ENSG00000161298.18:B1	label_permutation	0.003470084039154	0.024390243902439025	40	85	all	0.25188577586206895
ENSG00000162734.12:B1	label_permutation	6.24756995902973e-19	0.04	24	25	all	0.26051825020897185
ENSG00000163535.18:B1	label_permutation	0.9999999992454418	0.8974358974358975	272	6	all	1.0
ENSG00000164076.17:B1	label_permutation	0.8479387028119411	0.07692307692307693	12	108	all	0.36142249710088914
ENSG00000164742.16:B1	label_permutation	0.5026750839858241	0.28	24	69	all	0.6627848101265823
ENSG00000166455.13:B1	label_permutation	0.8227143940385567	0.45454545454545453	296	4	all	0.8049242424242424
ENSG00000168405.17:B1	label_permutation	0.9986038877544896	0.8666666666666667	74	45	all	1.0
ENSG00000169371.13:B1	label_permutation	0.156827139787531	0.07692307692307693	272	6	all	0.36142249710088914
ENSG00000170579.17:B1	label_permutation	3.136955015242228e-150	0.058823529411764705	16	184	all	0.3142857142857143
ENSG00000171772.16:B1	label_permutation	0.0005681087983832	0.007751937984496124	128	7	all	0.24323621227887615
ENSG00000177479.19:B1	label_permutation	0.9994592302906276	0.625	7	192	all	0.9130859375
ENSG00000179119.15:B1	label_permutation	0.3725046081024334	0.1	159	16	all	0.4192825112107623
ENSG00000181264.8:B1	label_permutation	0.999971377329568	0.6153846153846154	64	21	all	0.9046927914852445
ENSG00000182902.14:B1	label_permutation	0.8086581547963556	0.4981684981684982	272	6	all	0.8230633802816901
ENSG00000184206.11:B1	label_permutation	0.0085620467945603	0.16296296296296298	134	60	all	0.5200353937555303
ENSG00000185437.13:B1	label_permutation	0.7838817946534028	0.42424242424242425	296	4	all	0.7977698339144123
ENSG00000188596.11:B1	label_permutation	0.7346101455155224	0.3904761904761905	104	28	all	0.7702431183443841
ENSG00000196284.16:B1	label_permutation	0.7525386645040335	0.32	74	45	all	0.7056603773584905
ENSG00000197037.11:B1	label_permutation	0.9999994635734474	0.983957219251337	186	42	all	1.0
ENSG00000198822.10:B1	label_permutation	0.9889721973832544	0.5102040816326531	48	64	all	0.8284707814661133
ENSG00000204393.7:B1	label_permutation	1.0	1.0	168	5	all	1.0
ENSG00000211456.11:B1	label_permutation	0.4687723398451542	0.22	49	80	all	0.6014619883040936
ENSG00000215347.4:B1	label_permutation	0.9960211952717988	0.8129770992366412	261	2	all	0.9914819643633204
ENSG00000225439.2:B1	label_permutation	0.6955163943619684	0.43410852713178294	128	7	all	0.8049242424242424
ENSG00000229980.4:B1	label_permutation	0.1507938660301514	0.10504201680672269	237	3	all	0.42152053954629065
ENSG00000234445.1:B1	label_permutation	1.0	1.0	96	19	all	1.0
ENSG00000239922.1:B1	label_permutation	0.4305066409368074	0.2153846153846154	259	1	all	0.5975804610819447
ENSG00000246067.7:B1	label_permutation	0.1619300120628529	0.12162162162162163	221	18	all	0.445945945945946
ENSG00000251369.8:B1	label_permutation	0.5062305250160506	0.2255892255892256	296	4	all	0.6026455026455027
ENSG00000257621.7:B1	label_permutation	0.5194608251087478	0.48484848484848486	32	44	all	0.8217974071632608
ENSG00000262943.7:B1	label_permutation	0.6319850672145839	0.27807486631016043	186	42	all	0.6627848101265823
ENSG00000272333.5:B1	label_permutation	0.7759588926850596	0.4788732394366197	70	75	all	0.8205410374993036
ENSG00000284691.1:B1	label_permutation	0.9999828882079576	0.93048128342246	186	42	all	1.0
ENSG00000100842.13:B2	label_permutation	0.264999622552286	0.1346153846153846	259	1	all	0.47140593488908095
ENSG00000100842.13:B3	label_permutation	0.9999998654867212	0.9153846153846154	259	1	all	1.0
ENSG00000137504.13:B1	label_permutation	3.115570084182397e-09	0.006024096385542169	165	48	all	0.24323621227887615
ENSG00000137504.13:B2	label_permutation	0.0561465205480646	0.06829268292682927	204	24	all	0.34064412707665404
ENSG00000137504.13:B3	label_permutation	5.236482130018964e-05	0.10227272727272728	87	72	all	0.42125550660792954
ENSG00000197622.13:B1	label_permutation	0.6436960656185522	0.35585585585585583	221	18	all	0.7443337912087913
ENSG00000197622.13:B2	label_permutation	0.2793906478482626	0.25925925925925924	80	9	all	0.6412894375857339
ENSG00000197622.13:B3	label_permutation	0.9050096883857724	0.5205479452054794	72	27	all	0.8391591875295229
ENSG00000116141.15:B1	label_permutation	0.2550311230482236	0.26548672566371684	112	38	all	0.6476190476190476
ENSG00000116141.15:B2	label_permutation	0.3770208482387139	0.32989690721649484	96	19	all	0.7206860005780903
ENSG00000130725.7:B2	label_permutation	1.0	1.0	208	12	all	1.0
ENSG00000143952.20:B1	label_permutation	0.7943155154459335	0.44329896907216493	96	14	all	0.8049242424242424
ENSG00000143952.20:B2	label_permutation	0.8576119520162134	0.689922480620155	128	7	all	0.9486434108527132
ENSG00000161920.10:B1	label_permutation	0.5238459783286793	0.2423076923076923	259	1	all	0.6190100882723834
ENSG00000161920.10:B2	label_permutation	0.8161506004816976	0.5038167938931297	261	2	all	0.8264363198071515
ENSG00000171224.9:B1	label_permutation	0.9808665068815082	0.7659574468085106	187	8	all	0.9804546208727394
ENSG00000171224.9:B2	label_permutation	0.9999999999981682	0.8619528619528619	296	4	all	1.0
ENSG00000185220.12:B1	label_permutation	0.4572299268495137	0.22900763358778625	261	2	all	0.6065782929308219
ENSG00000185220.12:B2	label_permutation	0.5490254002084796	0.2692307692307692	259	1	all	0.6521522518931845
ENSG00000213088.11:B2	label_permutation	1.0	1.0	261	2	all	1.0
ENSG00000277586.2:B1	label_permutation	3.925372979278159e-10	0.006024096385542169	165	48	all	0.24323621227887615
ENSG00000277586.2:B2	label_permutation	1.4898894711041918e-06	0.004878048780487805	204	24	all	0.24323621227887615
ENSG00000047621.12:B1	label_permutation	0.9979425506463188	0.675	39	102	all	0.9391741071428571
ENSG00000059573.9:B1	label_permutation	0.7939215562012286	0.5053191489361702	187	8	all	0.8268944330664681
ENSG00000066697.14:B1	label_permutation	0.9433626011938864	0.6454545454545455	109	30	all	0.9313271604938271
ENSG00000075945.13:B1	label_permutation	0.0066274014474736	0.14814814814814814	134	60	all	0.49470899470899465
ENSG00000080819.8:B1	label_permutation	0.0183351218923648	0.05855855855855856	221	18	all	0.3142857142857143
ENSG00000095380.11:B1	label_permutation	0.0051192520162639	0.004784688995215311	208	12	all	0.24323621227887615
ENSG00000100220.12:B1	label_permutation	0.770312549082067	0.4563106796116505	102	15	all	0.8050009159186665
ENSG00000100815.12:B1	label_permutation	0.0001098157631096	0.014084507042253521	70	75	all	0.24323621227887615
ENSG00000101938.14:B1	label_permutation	0.2454984040212826	0.11721611721611722	272	6	all	0.4330708661417323
ENSG00000104824.17:B1	label_permutation	0.9978983498226216	0.8888888888888888	8	91	all	1.0
ENSG00000105767.3:B1	label_permutation	0.9999999999999996	1.0	64	21	all	1.0
ENSG00000106976.20:B1	label_permutation	5.450720331610856e-07	0.04	24	138	all	0.26051825020897185
ENSG00000108559.12:B1	label_permutation	0.7217690576551719	0.4174757281553398	102	54	all	0.7966118486229443
ENSG00000111640.15:B1	label_permutation	6.70387586437797e-06	0.03125	31	104	all	0.25188577586206895
ENSG00000116731.22:B1	label_permutation	1.1380068353547902e-37	0.009708737864077669	102	100	all	0.24323621227887615
ENSG00000123360.12:B1	label_permutation	0.3870504977393373	0.12903225806451613	30	68	all	0.4587268490126334
ENSG00000129355.6:B1	label_permutation	0.9377305747053132	0.673992673992674	272	6	all	0.9391741071428571
ENSG00000130810.20:B1	label_permutation	0.9999363595050343	0.9223300970873787	102	54	all	1.0
ENSG00000132356.11:B1	label_permutation	0.9817858593063606	0.7062937062937062	142	40	all	0.9530579399141631
ENSG00000134874.17:B1	label_permutation	0.0013266843318731	0.0273972602739726	72	23	all	0.25188577586206895
ENSG00000135778.12:B1	label_permutation	0.9996336001171516	0.8525641025641025	155	36	all	0.9978558469404585
ENSG00000138660.11:B1	label_permutation	0.6029081283211353	0.12727272727272726	109	30	all	0.4576923076923076
ENSG00000140006.11:B1	label_permutation	0.7839146796899029	0.42424242424242425	296	4	all	0.7977698339144123
ENSG00000143970.16:B1	label_permutation	0.3581905415612241	0.1917808219178082	72	23	all	0.5549620132953467
ENSG00000145241.11:B1	label_permutation	1.3674467467923528e-22	0.011363636363636364	87	72	all	0.24323621227887615
ENSG00000148341.17:B1	label_permutation	0.7529009421111726	0.2727272727272727	32	110	all	0.6555269922879177
ENSG00000151834.15:B1	label_permutation	0.8955420664456551	0.23529411764705882	16	144	all	0.6077348066298343
ENSG00000153443.13:B1	label_permutation	1.0	1.0	15	98	all	1.0
ENSG00000155097.12:B1	label_permutation	1.2554582265711347e-10	0.1044776119402985	66	84	all	0.42152053954629065
ENSG00000158411.11:B1	label_permutation	0.999074043645599	0.9844961240310077	128	7	all	1.0
ENSG00000162849.16:B1	label_permutation	0.7214436654558067	0.410958904109589	72	27	all	0.7905544147843943
ENSG00000163607.15:B1	label_permutation	0.9821270110848666	0.7125	159	16	all	0.9530579399141631
ENSG00000164105.4:B1	label_permutation	1.0	1.0	261	2	all	1.0
ENSG00000164877.19:B1	label_permutation	0.073678720283591	0.058823529411764705	16	184	all	0.3142857142857143
ENSG00000165716.11:B1	label_permutation	0.2944650399894769	0.04878048780487805	40	11	all	0.2981029810298103
ENSG00000166532.16:B1	label_permutation	0.0340402976173766	0.027777777777777776	35	126	all	0.25188577586206895
ENSG00000167555.14:B1	label_permutation	0.3198284978776311	0.23809523809523808	104	57	all	0.6115907901622187
ENSG00000168495.13:B1	label_permutation	0.0913076859505724	0.0761904761904762	104	28	all	0.36142249710088914
ENSG00000170743.17:B1	label_permutation	0.9761714064728126	0.6599326599326599	296	4	all	0.9357616664727103
ENSG00000173114.13:B1	label_permutation	0.0340960822169417	0.08	24	34	all	0.36847290640394087
ENSG00000174672.16:B1	label_permutation	9.783152008026733e-07	0.004149377593360996	240	20	all	0.24323621227887615
ENSG00000176055.10:B1	label_permutation	0.174122900433589	0.18556701030927836	96	14	all	0.5498767783129831
ENSG00000177646.19:B1	label_permutation	0.9996345017841722	0.7464788732394366	70	75	all	0.9667004798876361
ENSG00000179262.10:B1	label_permutation	0.4929489417074017	0.375	31	115	all	0.7622282608695652
ENSG00000181638.18:B1	label_permutation	0.0035132851435084	0.04081632653061224	48	76	all	0.26051825020897185
ENSG00000182979.18:B1	label_permutation	0.9999999999999882	0.8055555555555556	35	126	all	0.9891992610020686
ENSG00000184271.17:B1	label_permutation	0.9999997794119736	0.8769230769230769	64	120	all	1.0
ENSG00000186960.11:B1	label_permutation	0.4911808413898989	0.29411764705882354	237	3	all	0.6740196078431373
ENSG00000188732.11:B1	label_permutation	0.8024315058382453	0.43434343434343436	296	4	all	0.8049242424242424
ENSG00000197121.15:B1	label_permutation	0.4065851783058452	0.3037037037037037	134	60	all	0.6764194139194138
ENSG00000198155.5:B1	label_permutation	0.8097498945799214	0.4981684981684982	272	6	all	0.8230633802816901
ENSG00000198863.7:B1	label_permutation	0.5973024902746991	0.4437869822485207	168	5	all	0.8049242424242424
ENSG00000204574.13:B1	label_permutation	0.0002036046456163	0.1111111111111111	80	63	all	0.42403628117913833
ENSG00000213066.13:B1	label_permutation	0.4791157773984443	0.4074074074074074	53	50	all	0.7902892561983471
ENSG00000215790.7:B1	label_permutation	0.3382296448904079	0.14814814814814814	296	4	all	0.49470899470899465
ENSG00000225683.5:B1	label_permutation	0.7229935595791802	0.4368932038834951	102	15	all	0.8049242424242424
ENSG00000230453.9:B1	label_permutation	5.882930198793379e-06	0.02	49	80	all	0.24554861074636272
ENSG00000235079.1:B1	label_permutation	1.0	1.0	96	19	all	1.0
ENSG00000240423.2:B1	label_permutation	0.9070449015113448	0.6076923076923076	259	1	all	0.9004632451542117
ENSG00000247077.7:B1	label_permutation	0.77958144963977	0.4864864864864865	221	18	all	0.8217974071632608
ENSG00000253125.1:B1	label_permutation	1.0	1.0	197	10	all	1.0
ENSG00000285399.2:B1	label_permutation	0.798620188732177	0.5630252100840336	237	3	all	0.8715704824976348
ENSG00000105519.16:B2	label_permutation	0.9999999992161324	0.8781512605042017	237	3	all	1.0
ENSG00000105519.16:B3	label_permutation	0.8454836732701296	0.6008403361344538	237	3	all	0.895824395824396
ENSG00000147124.12:B1	label_permutation	0.0535718234264469	0.01875	159	16	all	0.24554861074636272
ENSG00000147124.12:B2	label_permutation	0.9382804792860218	0.59375	159	16	all	0.8925341639871383
ENSG00000147124.12:B3	label_permutation	0.4290760048445677	0.1702127659574468	187	8	all	0.53034600113443
ENSG00000198830.11:B1	label_permutation	3.6113262495158713e-06	0.1111111111111111	80	63	all	0.42403628117913833
ENSG00000198830.11:B2	label_permutation	0.988618464774642	0.7058823529411765	186	42	all	0.9530579399141631
ENSG00000198830.11:B3	label_permutation	6.586259374158845e-17	0.015384615384615385	64	21	all	0.24323621227887615
ENSG00000100346.17:B1	label_permutation	1.0	1.0	159	16	all	1.0
ENSG00000117533.15:B1	label_permutation	0.999999887793817	0.990909090909091	109	30	all	1.0
ENSG00000117533.15:B2	label_permutation	0.9997664621263852	0.970873786407767	102	15	all	1.0
ENSG00000131469.14:B1	label_permutation	0.6082016980481773	0.2857142857142857	48	33	all	0.6674630218347262
ENSG00000131469.14:B2	label_permutation	0.9446178546381316	0.8484848484848485	32	44	all	0.9978558469404585
ENSG00000145335.15:B1	label_permutation	2.862671874567293e-07	0.019417475728155338	102	54	all	0.24554861074636272
ENSG00000145335.15:B2	label_permutation	6.4598931012522185e-06	0.0045045045045045045	221	18	all	0.24323621227887615
ENSG00000162694.14:B1	label_permutation	0.3983389994784934	0.18095238095238095	104	28	all	0.5475419941439359
ENSG00000162694.14:B2	label_permutation	0.0311857215471356	0.05154639175257732	96	14	all	0.3089479249273063
ENSG00000172301.11:B2	label_permutation	1.0	1.0	208	12	all	1.0
ENSG00000186350.11:B1	label_permutation	0.0668606423983211	0.11764705882352941	16	51	all	0.4330708661417323
ENSG00000186350.11:B2	label_permutation	3.7185447476312056e-08	0.04	24	34	all	0.26051825020897185
ENSG00000215154.6:B1	label_permutation	1.0	1.0	155	36	all	1.0
ENSG00000000457.14:B1	label_permutation	0.8534819464091716	0.5538461538461539	259	1	all	0.866183235369282
ENSG00000005156.11:B1	label_permutation	0.994039921554836	0.7433155080213903	186	42	all	0.9667004798876361
ENSG00000029364.12:B1	label_permutation	0.9957621683501564	0.9659090909090909	87	72	all	1.0
ENSG00000048649.13:B1	label_permutation	0.0110122300707651	0.014084507042253521	70	75	all	0.24323621227887615
ENSG00000067082.15:B1	label_permutation	0.9997643515966006	0.916083916083916	142	40	all	1.0
ENSG00000076356.7:B1	label_permutation	1.2360536018205168e-09	0.02564102564102564	38	105	all	0.25188577586206895
ENSG00000081138.14:B1	label_permutation	0.2182038598474951	0.08417508417508418	296	4	all	0.3730033350886432
ENSG00000096070.19:B1	label_permutation	0.9999259213251924	0.825	39	102	all	0.9978558469404585
ENSG00000100263.14:B1	label_permutation	0.608093906956656	0.33783783783783783	221	18	all	0.727497789566755
ENSG00000102030.16:B1	label_permutation	0.9999999923482732	0.5	15	98	all	0.8230633802816901
ENSG00000103316.11:B1	label_permutation	0.9755676192727416	0.5714285714285714	13	55	all	0.875338753387534
ENSG00000107185.9:B1	label_permutation	0.0015491132588317	0.041237113402061855	96	19	all	0.26051825020897185
ENSG00000108651.10:B1	label_permutation	0.6849872544419523	0.26666666666666666	74	45	all	0.6476190476190476
ENSG00000110172.12:B1	label_permutation	0.078493541678507	0.14563106796116504	102	100	all	0.49470899470899465
ENSG00000111674.9:B1	label_permutation	5.581728950899614e-06	0.058823529411764705	16	150	all	0.3142857142857143
ENSG00000114554.11:B1	label_permutation	7.600359240911089e-05	0.08148148148148149	134	60	all	0.3705171388943927
ENSG00000115762.16:B1	label_permutation	0.0221136173226808	0.09375	31	95	all	0.4058159722222222
ENSG00000116871.15:B1	label_permutation	1.6063786424476845e-15	0.03125	31	115	all	0.25188577586206895
ENSG00000118363.12:B1	label_permutation	0.996814314154652	0.8484848484848485	32	65	all	0.9978558469404585
ENSG00000119906.13:B1	label_permutation	0.0001700497814721	0.02912621359223301	102	100	all	0.25188577586206895
ENSG00000127554.13:B1	label_permutation	0.0600156981126098	0.026936026936026935	296	4	all	0.25188577586206895
ENSG00000132424.16:B1	label_permutation	4.364945032522727e-28	0.03125	31	104	all	0.25188577586206895
ENSG00000134982.17:B1	label_permutation	4.2306848428445696e-21	0.025	39	125	all	0.25188577586206895
ENSG00000135870.11:B1	label_permutation	0.9996603969426744	0.8716577540106952	186	42	all	1.0
ENSG00000136816.16:B1	label_permutation	0.96814313733636	0.8446601941747572	102	15	all	0.9978558469404585
ENSG00000140259.7:B1	label_permutation	0.9983960102713209	0.8484848484848485	197	10	all	0.9978558469404585
ENSG00000144057.15:B1	label_permutation	0.0175071149187022	0.07692307692307693	64	52	all	0.36142249710088914
ENSG00000145354.12:B1	label_permutation	0.9045721181320132	0.6341463414634146	40	26	all	0.9235620393587113
ENSG00000146830.10:B1	label_permutation	0.9987465355780344	0.7272727272727273	32	88	all	0.958559978309864
ENSG00000148429.14:B1	label_permutation	0.9685502440346412	0.6952380952380952	104	28	all	0.9530579399141631
ENSG00000150593.18:B1	label_permutation	0.993809709652832	0.8	74	45	all	0.9891992610020686
ENSG00000153815.16:B1	label_permutation	1.0958513371679495e-09	0.1111111111111111	8	168	all	0.42403628117913833
ENSG00000155287.11:B1	label_permutation	0.9999999999999996	0.9377593360995851	240	20	all	1.0
ENSG00000156873.16:B1	label_permutation	0.9200898550592338	0.7222222222222222	53	50	all	0.9578408195429471
ENSG00000158480.11:B1	label_permutation	0.3729187825603397	0.1722488038277512	208	12	all	0.5315268368942158
ENSG00000162944.10:B1	label_permutation	0.0182412963188165	0.045454545454545456	197	10	all	0.28523489932885904
ENSG00000163634.12:B1	label_permutation	0.9628765060391896	0.7070707070707071	197	10	all	0.9530579399141631
ENSG00000164933.12:B1	label_permutation	0.5888541193842356	0.2765957446808511	187	8	all	0.6627848101265823
ENSG00000166598.15:B1	label_permutation	0.7139854613082645	0.36893203883495146	102	100	all	0.7537789721195834
ENSG00000168569.7:B1	label_permutation	0.5941763330030889	0.2900763358778626	261	2	all	0.6740196078431373
ENSG00000169715.14:B1	label_permutation	0.2622447637105108	0.09923664122137404	261	2	all	0.4192825112107623
ENSG00000171951.5:B1	label_permutation	0.730239208710294	0.49557522123893805	112	38	all	0.8230633802816901
ENSG00000173210.19:B1	label_permutation	0.9999999999390152	0.975609756097561	40	85	all	1.0
ENSG00000174799.10:B1	label_permutation	0.916702928495878	0.5714285714285714	48	33	all	0.875338753387534
ENSG00000179454.13:B1	label_permutation	0.9999999842870289	1.0	74	45	all	1.0
ENSG00000181790.11:B1	label_permutation	2.915193806108152e-06	0.030303030303030304	32	88	all	0.25188577586206895
ENSG00000183090.5:B1	label_permutation	1.0	1.0	259	1	all	1.0
ENSG00000188811.14:B1	label_permutation	0.9999961252664012	0.8571428571428571	48	76	all	0.999287495546847
ENSG00000196419.12:B1	label_permutation	0.9862472750673824	0.9204545454545454	87	72	all	1.0
ENSG00000204623.9:B1	label_permutation	0.990927873361419	0.696969696969697	32	65	all	0.9530579399141631
ENSG00000213337.9:B1	label_permutation	0.9984673976683968	0.898936170212766	187	8	all	1.0
ENSG00000218416.4:B1	label_permutation	0.9998795093625262	0.8319327731092437	237	3	all	0.9978558469404585
ENSG00000225953.2:B1	label_permutation	0.9458367195964316	0.7463414634146341	204	24	all	0.9667004798876361
ENSG00000231074.8:B1	label_permutation	0.1329379768793355	0.04	24	175	all	0.26051825020897185
ENSG00000253553.6:B1	label_permutation	0.3487623820312254	0.05454545454545454	109	30	all	0.3142857142857143
ENSG00000258725.1:B1	label_permutation	0.999982264147162	0.9090909090909091	208	12	all	1.0
ENSG00000265241.6:B1	label_permutation	0.5827233420971704	0.2862595419847328	261	2	all	0.6674630218347262
ENSG00000273828.2:B1	label_permutation	0.6414838715848041	0.3875968992248062	128	7	all	0.7702431183443841
ENSG00000286219.1:B1	label_permutation	0.0819085343525805	0.028708133971291867	208	12	all	0.25188577586206895
ENSG00000110108.10:B1	label_permutation	0.0552883906370269	0.014354066985645933	208	12	all	0.24323621227887615
ENSG00000110108.10:B2	label_permutation	0.0055853195354147	0.01098901098901099	272	6	all	0.24323621227887615
ENSG00000110108.10:B3	label_permutation	0.010527048765372	0.01098901098901099	272	6	all	0.24323621227887615
ENSG00000151006.7:B1	label_permutation	0.6685041089558178	0.3838383838383838	197	10	all	0.7684986914108969
ENSG00000151006.7:B2	label_permutation	0.4084147459508573	0.27218934911242604	168	5	all	0.6555269922879177
ENSG00000151006.7:B3	label_permutation	0.9998437031101488	0.8757396449704142	168	5	all	1.0
ENSG00000213699.9:B1	label_permutation	0.6972398782494124	0.44390243902439025	204	24	all	0.8049242424242424
ENSG00000213699.9:B2	label_permutation	0.9999890416209792	0.9166666666666666	155	36	all	1.0
ENSG00000213699.9:B3	label_permutation	0.9156084501510212	0.5502392344497608	208	12	all	0.8646616541353385
ENSG00000101222.12:B1	label_permutation	0.0775341436790117	0.019083969465648856	261	2	all	0.24554861074636272
ENSG00000101222.12:B2	label_permutation	0.0775281471698106	0.019083969465648856	261	2	all	0.24554861074636272
ENSG00000119508.18:B1	label_permutation	0.9477688729629712	0.625	159	16	all	0.9130859375
ENSG00000119508.18:B2	label_permutation	0.7711907611859501	0.4787234042553192	187	8	all	0.8205410374993036
ENSG00000132664.12:B1	label_permutation	0.9934864335307508	0.7835051546391752	96	14	all	0.9882173334377202
ENSG00000132664.12:B2	label_permutation	0.9998845650144256	0.6	64	21	all	0.895824395824396
ENSG00000146757.13:B1	label_permutation	0.998902047858475	0.9095744680851063	187	8	all	1.0
ENSG00000146757.13:B2	label_permutation	0.9997400354826492	0.8803827751196173	208	12	all	1.0
ENSG00000163673.7:B1	label_permutation	0.9999999991404988	0.8974358974358975	272	6	all	1.0
ENSG00000163673.7:B2	label_permutation	1.0	1.0	237	3	all	1.0
ENSG00000173166.18:B1	label_permutation	0.8126604185973612	0.494949494949495	197	10	all	0.8230633802816901
ENSG00000173166.18:B2	label_permutation	0.4232128553696672	0.17427385892116182	240	20	all	0.5339805825242718
ENSG00000188163.8:B1	label_permutation	0.9999999999999994	0.9340659340659341	272	6	all	1.0
ENSG00000188163.8:B2	label_permutation	1.0	1.0	237	3	all	1.0
ENSG00000224905.6:B1	label_permutation	0.7346940453707289	0.4807692307692308	259	1	all	0.8205410374993036
ENSG00000224905.6:B2	label_permutation	0.9441887568603186	0.6526717557251909	261	2	all	0.9331010574970237
ENSG00000002834.18:B1	label_permutation	0.9955794694572234	1.0	31	95	all	1.0
ENSG00000032219.18:B1	label_permutation	5.996043060785197e-15	0.009708737864077669	102	100	all	0.24323621227887615
ENSG00000061676.15:B1	label_permutation	6.380948763567283e-12	0.015384615384615385	64	120	all	0.24323621227887615
ENSG00000067560.11:B1	label_permutation	0.9882750154568608	0.6774193548387096	30	68	all	0.939743467024026
ENSG00000072364.13:B1	label_permutation	6.311546665619371e-06	0.014084507042253521	70	75	all	0.24323621227887615
ENSG00000077080.9:B1	label_permutation	0.0027628085365772	0.030120481927710843	165	48	all	0.25188577586206895
ENSG00000081721.11:B1	label_permutation	0.2148015595902412	0.2222222222222222	80	9	all	0.6026455026455027
ENSG00000086475.15:B1	label_permutation	0.9981157229886792	0.8513513513513513	221	18	all	0.9978558469404585
ENSG00000097096.9:B1	label_permutation	0.4085253377663409	0.24806201550387597	128	7	all	0.623489205634742
ENSG00000100304.13:B1	label_permutation	0.010268312953075	0.053475935828877004	186	42	all	0.3142857142857143
ENSG00000100994.12:B1	label_permutation	0.1889847920703244	0.08298755186721991	240	20	all	0.3728070175438596
ENSG00000102181.21:B1	label_permutation	0.012242259510294	0.055944055944055944	142	40	all	0.3142857142857143
ENSG00000103429.11:B1	label_permutation	1.0	1.0	36	35	all	1.0
ENSG00000104964.14:B1	label_permutation	0.8473963284040579	0.5555555555555556	8	70	all	0.866183235369282
ENSG00000105928.15:B1	label_permutation	0.999999999972243	0.9375	31	104	all	1.0
ENSG00000107295.10:B1	label_permutation	0.8145130630973951	0.6470588235294118	16	17	all	0.9316228671067383
ENSG00000108826.16:B1	label_permutation	1.0	1.0	296	4	all	1.0
ENSG00000110367.13:B1	label_permutation	0.8347147183972321	0.4444444444444444	80	63	all	0.8049242424242424
ENSG00000114744.9:B1	label_permutation	0.7726733917526629	0.36923076923076925	64	21	all	0.7537789721195834
ENSG00000115866.11:B1	label_permutation	0.9514777756000936	0.5	165	48	all	0.8230633802816901
ENSG00000116984.13:B1	label_permutation	0.3442562033705587	0.325	39	125	all	0.7133215962441315
ENSG00000119979.18:B1	label_permutation	0.93668798257456	0.4634146341463415	40	85	all	0.811409518589568
ENSG00000125779.22:B1	label_permutation	0.1513712877844776	0.0958904109589041	72	27	all	0.4112730928741988
ENSG00000131100.13:B1	label_permutation	8.871709538252833e-09	0.004149377593360996	240	20	all	0.24323621227887615
ENSG00000132563.16:B1	label_permutation	0.1953582049895849	0.1048951048951049	142	40	all	0.42152053954629065
ENSG00000135945.10:B1	label_permutation	0.2745736126418596	0.208955223880597	66	84	all	0.5867061090941688
ENSG00000136868.11:B1	label_permutation	0.99156087609411	0.7115384615384616	259	1	all	0.9530579399141631
ENSG00000137962.13:B1	label_permutation	4.830343797117464e-05	0.012048192771084338	165	48	all	0.24323621227887615
ENSG00000138768.14:B1	label_permutation	0.8029992030763351	0.34615384615384615	155	36	all	0.735576923076923
ENSG00000140350.15:B1	label_permutation	0.9690854837089432	0.7951219512195122	204	24	all	0.9891992610020686
ENSG00000143321.19:B1	label_permutation	0.0008250117319222	0.009523809523809525	104	57	all	0.24323621227887615
ENSG00000144224.17:B1	label_permutation	8.114384450414686e-09	0.014084507042253521	70	75	all	0.24323621227887615
ENSG00000145451.13:B1	label_permutation	0.9240068913891764	0.5918367346938775	48	33	all	0.8910907358112328
ENSG00000147010.18:B1	label_permutation	0.6816087630674692	0.23529411764705882	16	51	all	0.6077348066298343
ENSG00000148634.15:B1	label_permutation	0.4866400881660672	0.28	24	114	all	0.6627848101265823
ENSG00000150764.13:B1	label_permutation	0.5125556308545982	0.27184466019417475	102	100	all	0.6555269922879177
ENSG00000152128.13:B1	label_permutation	0.9017449545733466	0.6030534351145038	261	2	all	0.895824395824396
ENSG00000153944.11:B1	label_permutation	1.0213260295121769e-08	0.058823529411764705	16	182	all	0.3142857142857143
ENSG00000157064.11:B1	label_permutation	4.5922357032928456e-08	0.12903225806451613	61	66	all	0.4587268490126334
ENSG00000158691.14:B1	label_permutation	0.9652822553662898	0.8527131782945736	128	7	all	0.9978558469404585
ENSG00000160284.15:B1	label_permutation	0.7800862724831658	0.5562130177514792	168	5	all	0.866183235369282
ENSG00000162104.10:B1	label_permutation	0.3106573549429687	0.21359223300970873	102	54	all	0.5943712436430882
ENSG00000163001.11:B1	label_permutation	3.503969508566486e-08	0.009523809523809525	104	57	all	0.24323621227887615
ENSG00000164176.13:B1	label_permutation	0.0235967031349855	0.1592920353982301	112	38	all	0.517146017699115
ENSG00000165006.14:B1	label_permutation	0.9788810536331848	0.7333333333333333	104	28	all	0.9612462006079028
ENSG00000165915.14:B1	label_permutation	0.9997565300537932	0.837037037037037	134	60	all	0.9978558469404585
ENSG00000166750.10:B1	label_permutation	1.0	1.0	48	22	all	1.0
ENSG00000170949.17:B1	label_permutation	0.9996367982827424	0.9029126213592233	102	54	all	1.0
ENSG00000174944.9:B1	label_permutation	0.39432083355587	0.24031007751937986	128	7	all	0.6155888287140279
ENSG00000179698.13:B1	label_permutation	0.989957185891807	0.6024096385542169	165	48	all	0.895824395824396
ENSG00000181991.16:B1	label_permutation	0.5798583128214683	0.25311203319502074	240	20	all	0.6343283582089553
ENSG00000183255.12:B1	label_permutation	0.9699421637592132	0.6666666666666666	134	60	all	0.9373433583959898
ENSG00000185745.10:B1	label_permutation	0.9090866626235674	0.7087378640776699	102	15	all	0.9530579399141631
ENSG00000187446.12:B1	label_permutation	0.101352736594882	0.07042253521126761	70	39	all	0.3483866159922498
ENSG00000188921.14:B1	label_permutation	0.6229831083724044	0.30319148936170215	187	8	all	0.6764194139194138
ENSG00000197312.12:B1	label_permutation	0.3129964734628844	0.1553398058252427	102	15	all	0.5114180226993026
ENSG00000198945.7:B1	label_permutation	0.9582141801074686	0.7804878048780488	204	24	all	0.9871199324324325
ENSG00000213523.10:B1	label_permutation	0.1768319783354641	0.14792899408284024	168	5	all	0.49470899470899465
ENSG00000226328.6:B1	label_permutation	0.594340364258889	0.27946127946127947	296	4	all	0.6627848101265823
ENSG00000235944.8:B1	label_permutation	0.8270524358126261	0.42323651452282157	240	20	all	0.7977698339144123
ENSG00000241945.8:B1	label_permutation	0.7356548366201152	0.35664335664335667	142	40	all	0.7443337912087913
ENSG00000248383.4:B1	label_permutation	1.0	1.0	259	1	all	1.0
ENSG00000253846.2:B1	label_permutation	1.0	1.0	261	2	all	1.0
ENSG00000259269.1:B1	label_permutation	0.9987890195856064	0.7441077441077442	296	4	all	0.9667004798876361
ENSG00000266472.5:B1	label_permutation	0.9066176498666548	0.5773195876288659	96	14	all	0.8755627588690797
ENSG00000275004.4:B1	label_permutation	0.1515955849561195	0.10101010101010101	197	10	all	0.42125550660792954
ENSG00000105193.9:B2	label_permutation	0.9992051354411572	0.9148936170212766	187	8	all	1.0
ENSG00000105193.9:B3	label_permutation	1.0	1.0	187	8	all	1.0
ENSG00000105193.9:B4	label_permutation	0.999102653853823	0.80625	159	16	all	0.9891992610020686
ENSG00000163462.18:B2	label_permutation	0.3318700203179247	0.18018018018018017	221	18	all	0.546975546975547
ENSG00000250067.12:B1	label_permutation	4.072536774941017e-06	0.024390243902439025	40	46	all	0.25188577586206895
ENSG00000250067.12:B2	label_permutation	3.4126950717312845e-07	0.0136986301369863	72	23	all	0.24323621227887615
ENSG00000250067.12:B3	label_permutation	3.474173095541485e-05	0.0136986301369863	72	23	all	0.24323621227887615
ENSG00000103381.12:B1	label_permutation	0.0430902301566099	0.040293040293040296	272	6	all	0.26051825020897185
ENSG00000103381.12:B2	label_permutation	0.1563606989489135	0.14814814814814814	80	9	all	0.49470899470899465
ENSG00000122033.14:B1	label_permutation	1.0	1.0	70	39	all	1.0
ENSG00000122033.14:B2	label_permutation	0.9999875472079858	1.0	40	26	all	1.0
ENSG00000135441.7:B2	label_permutation	0.9997542203865412	0.8702290076335878	261	2	all	1.0
ENSG00000149305.7:B1	label_permutation	0.5128224157756254	0.23232323232323232	296	4	all	0.6077348066298343
ENSG00000149305.7:B2	label_permutation	0.3566803500824809	0.15648854961832062	261	2	all	0.5115971814445097
ENSG00000175556.16:B1	label_permutation	0.5087405988738285	0.2074468085106383	187	8	all	0.5859902294786913
ENSG00000175556.16:B4	label_permutation	0.2683591032013502	0.10437710437710437	296	4	all	0.42152053954629065
ENSG00000196230.13:B1	label_permutation	0.1292329118117814	0.12380952380952381	104	57	all	0.44868955334071614
ENSG00000196230.13:B2	label_permutation	0.03740495718109	0.08247422680412371	96	19	all	0.37252851237611434
ENSG00000234942.2:B1	label_permutation	0.8189595303739222	0.5038167938931297	261	2	all	0.8264363198071515
ENSG00000234942.2:B2	label_permutation	0.700600160063941	0.41923076923076924	259	1	all	0.7973733583489682
ENSG00000004766.17:B1	label_permutation	0.9728790357198328	0.4117647058823529	16	144	all	0.7905544147843943
ENSG00000006625.18:B1	label_permutation	0.5164385189417436	0.30097087378640774	102	15	all	0.6764194139194138
ENSG00000013503.10:B1	label_permutation	0.9842222009582884	0.7959183673469388	48	33	all	0.9891992610020686
ENSG00000052795.13:B1	label_permutation	0.9988867529225146	0.8656716417910447	66	84	all	1.0
ENSG00000063245.14:B1	label_permutation	0.9999967492567448	0.8571428571428571	48	76	all	0.999287495546847
ENSG00000068654.16:B1	label_permutation	0.9998319962560334	0.6666666666666666	8	152	all	0.9373433583959898
ENSG00000091140.14:B1	label_permutation	0.6724700005058835	0.3356643356643357	142	40	all	0.7264957264957266
ENSG00000100387.8:B1	label_permutation	0.5338358165201489	0.3902439024390244	40	26	all	0.7702431183443841
ENSG00000101182.15:B1	label_permutation	0.3410618806693989	0.22330097087378642	102	54	all	0.6026455026455027
ENSG00000102554.14:B1	label_permutation	0.9793712354570426	0.6889952153110048	208	12	all	0.9486434108527132
ENSG00000107731.12:B1	label_permutation	0.0109339068522237	0.00625	159	16	all	0.24323621227887615
ENSG00000110721.12:B1	label_permutation	0.479007559613184	0.2191780821917808	72	27	all	0.6014619883040936
ENSG00000111912.20:B1	label_permutation	3.4961558882429267e-06	0.058823529411764705	16	92	all	0.3142857142857143
ENSG00000113460.12:B1	label_permutation	0.0909185448931798	0.0684931506849315	72	27	all	0.34064412707665404
ENSG00000114999.8:B1	label_permutation	0.0336203581599848	0.0970873786407767	102	54	all	0.4145054750188411
ENSG00000117174.11:B1	label_permutation	0.9999988373318748	0.9279279279279279	221	18	all	1.0
ENSG00000118985.16:B1	label_permutation	0.1514367912858936	0.10504201680672269	237	3	all	0.42152053954629065
ENSG00000120437.8:B1	label_permutation	0.4507368050057094	0.19617224880382775	208	12	all	0.5638110005599345
ENSG00000124226.11:B1	label_permutation	0.9517726713034592	0.7707317073170732	204	24	all	0.9804546208727394
ENSG00000125945.15:B1	label_permutation	0.0710181241774135	0.030303030303030304	296	4	all	0.25188577586206895
ENSG00000130177.16:B1	label_permutation	0.9805006781091112	0.6716417910447762	66	84	all	0.9391741071428571
ENSG00000131398.13:B1	label_permutation	0.1485857775165425	0.06224066390041494	240	20	all	0.32108516483516486
ENSG00000134146.12:B1	label_permutation	0.9965868500341692	0.8670212765957447	187	8	all	1.0
ENSG00000135316.17:B1	label_permutation	0.1885276405750398	0.1048951048951049	142	40	all	0.42152053954629065
ENSG00000136999.5:B1	label_permutation	0.6982277100258752	0.4418604651162791	128	7	all	0.8049242424242424
ENSG00000138095.19:B1	label_permutation	0.0099955373602802	0.030303030303030304	32	110	all	0.25188577586206895
ENSG00000143429.10:B1	label_permutation	0.9726007414408824	0.6746411483253588	208	12	all	0.9391741071428571
ENSG00000144407.9:B1	label_permutation	0.540693112655483	0.2633587786259542	261	2	all	0.6446085288357779
ENSG00000147364.16:B1	label_permutation	0.9908715003236288	0.7728937728937729	272	6	all	0.981869127249562
ENSG00000148948.8:B1	label_permutation	7.249001239918149e-88	0.02	49	80	all	0.24554861074636272
ENSG00000151136.15:B1	label_permutation	0.9994648794543928	0.8879668049792531	240	20	all	1.0
ENSG00000152413.14:B1	label_permutation	0.0039071345714176	0.02564102564102564	155	36	all	0.25188577586206895
ENSG00000154153.13:B1	label_permutation	0.9999215181400588	0.8666666666666667	134	60	all	1.0
ENSG00000155906.18:B1	label_permutation	0.8636517380674733	0.47058823529411764	186	42	all	0.8177008177008177
ENSG00000159055.4:B1	label_permutation	0.8315274336432935	0.5152671755725191	261	2	all	0.8335204310731927
ENSG00000160551.11:B1	label_permutation	9.531702641085964e-07	0.018518518518518517	53	50	all	0.24554861074636272
ENSG00000162384.14:B1	label_permutation	0.953005805566674	0.638095238095238	104	28	all	0.9256561128233864
ENSG00000163162.8:B1	label_permutation	0.6134352830751687	0.3424657534246575	72	56	all	0.7342965079279108
ENSG00000163811.12:B1	label_permutation	0.6197346633841591	0.4090909090909091	87	72	all	0.7902892561983471
ENSG00000164309.15:B1	label_permutation	0.9944291713691206	0.7842323651452282	240	20	all	0.9882173334377202
ENSG00000166105.16:B1	label_permutation	0.7722056119310653	0.5230769230769231	64	52	all	0.8417847213027936
ENSG00000166908.18:B1	label_permutation	0.9999182004953177	0.8072289156626506	165	48	all	0.9891992610020686
ENSG00000167904.15:B1	label_permutation	0.9999999733452676	0.9166666666666666	155	36	all	1.0
ENSG00000171150.9:B1	label_permutation	2.0385627694844416e-06	0.0053475935828877	186	42	all	0.24323621227887615
ENSG00000172348.14:B1	label_permutation	1.1836691536690949e-29	0.010309278350515464	96	19	all	0.24323621227887615
ENSG00000176658.17:B1	label_permutation	0.9924427747704436	0.8271604938271605	80	63	all	0.9978558469404585
ENSG00000178234.13:B1	label_permutation	0.3797166137448867	0.22448979591836735	48	64	all	0.6026455026455027
ENSG00000182218.9:B1	label_permutation	0.7469470138163401	0.44148936170212766	187	8	all	0.8049242424242424
ENSG00000183513.9:B1	label_permutation	0.755929481537704	0.38028169014084506	70	39	all	0.767955464971253
ENSG00000184906.11:B1	label_permutation	0.8846717815565173	0.573076923076923	259	1	all	0.875338753387534
ENSG00000186001.13:B1	label_permutation	0.9996447024663108	0.3333333333333333	35	126	all	0.7231245166279968
ENSG00000187742.14:B1	label_permutation	0.0004151799182955	0.04	24	69	all	0.26051825020897185
ENSG00000197465.14:B1	label_permutation	0.0754193024534519	0.019083969465648856	261	2	all	0.24554861074636272
ENSG00000198554.12:B1	label_permutation	0.8232135910034606	0.45454545454545453	296	4	all	0.8049242424242424
ENSG00000203867.8:B1	label_permutation	0.9999767868431312	0.8424908424908425	272	6	all	0.9978558469404585
ENSG00000213865.7:B1	label_permutation	0.0308297453717534	0.0380952380952381	104	28	all	0.26051825020897185
ENSG00000223546.6:B1	label_permutation	0.3716530640209268	0.19696969696969696	197	10	all	0.5638110005599345
ENSG00000227543.4:B1	label_permutation	0.9687099183473024	0.7287234042553191	187	8	all	0.958559978309864
ENSG00000232520.1:B1	label_permutation	0.9999999999739656	0.8949579831932774	237	3	all	1.0
ENSG00000236886.2:B1	label_permutation	0.8546831114074	0.5576923076923077	259	1	all	0.866183235369282
ENSG00000249343.2:B1	label_permutation	0.9916773198877306	0.7003367003367004	296	4	all	0.9530579399141631
ENSG00000254602.1:B1	label_permutation	1.0	1.0	104	28	all	1.0
ENSG00000260261.2:B1	label_permutation	0.0784876758060105	0.04081632653061224	48	33	all	0.26051825020897185
ENSG00000267337.1:B1	label_permutation	0.7177799096837969	0.43846153846153846	259	1	all	0.8049242424242424
ENSG00000277363.5:B1	label_permutation	1.970221492394658e-43	0.014925373134328358	66	84	all	0.24323621227887615
ENSG00000161981.10:B2	label_permutation	1.0	1.0	221	18	all	1.0
ENSG00000242220.7:B1	label_permutation	0.3591036500718594	0.24742268041237114	96	14	all	0.623489205634742
ENSG00000242220.7:B2	label_permutation	0.8070853547391696	0.6356589147286822	128	7	all	0.9243251714950511
ENSG00000242220.7:B3	label_permutation	0.2515078479682204	0.14728682170542637	128	7	all	0.49470899470899465
ENSG00000102349.18:B1	label_permutation	0.9533852428849532	0.5576923076923077	155	36	all	0.866183235369282
ENSG00000102349.18:B2	label_permutation	0.9977671506269744	0.8181818181818182	208	12	all	0.9935064935064936
ENSG00000148053.16:B1	label_permutation	0.0	0.018518518518518517	53	50	all	0.24554861074636272
ENSG00000148053.16:B2	label_permutation	0.0	0.014084507042253521	70	75	all	0.24323621227887615
ENSG00000164284.15:B1	label_permutation	0.6892786101179648	0.3070539419087137	240	20	all	0.6803209376413444
ENSG00000164284.15:B2	label_permutation	0.0982932952543661	0.07575757575757576	197	10	all	0.36142249710088914
ENSG00000174652.19:B1	label_permutation	0.8955594897951937	0.6615384615384615	64	52	all	0.9357616664727103
ENSG00000174652.19:B2	label_permutation	0.8560988442254848	0.49295774647887325	70	39	all	0.8230633802816901
ENSG00000188827.11:B1	label_permutation	0.5680787029993646	0.40707964601769914	112	38	all	0.7902892561983471
ENSG00000188827.11:B2	label_permutation	0.5067419401416182	0.4536082474226804	96	19	all	0.8049242424242424
ENSG00000231551.8:B1	label_permutation	0.8294708509530682	0.6035502958579881	168	5	all	0.895824395824396
ENSG00000231551.8:B2	label_permutation	0.9149234643489969	0.6414141414141414	197	10	all	0.9283625730994153
ENSG00000004059.11:B1	label_permutation	0.9626874056845672	0.6573426573426573	142	40	all	0.934065934065934
ENSG00000033627.16:B1	label_permutation	0.4776402256789337	0.16	24	175	all	0.5176470588235293
ENSG00000050438.17:B1	label_permutation	0.0007723130865893	0.058823529411764705	16	154	all	0.3142857142857143
ENSG00000067992.14:B1	label_permutation	3.1376312983243757e-09	0.061946902654867256	112	38	all	0.32108516483516486
ENSG00000077380.15:B1	label_permutation	1.4690764974119207e-24	0.058823529411764705	16	96	all	0.3142857142857143
ENSG00000082068.8:B1	label_permutation	4.056022933446058e-12	0.058823529411764705	16	92	all	0.3142857142857143
ENSG00000087008.16:B1	label_permutation	0.9957489342059326	0.786096256684492	186	42	all	0.9891992610020686
ENSG00000090905.19:B1	label_permutation	1.048130475997176e-22	0.058823529411764705	16	182	all	0.3142857142857143
ENSG00000100345.21:B1	label_permutation	0.1467274296497022	1.0	7	180	all	1.0
ENSG00000101126.17:B1	label_permutation	0.7586582118762315	0.3883495145631068	102	100	all	0.7702431183443841
ENSG00000102383.14:B1	label_permutation	0.6291486777955033	0.2996632996632997	296	4	all	0.6764194139194138
ENSG00000103510.20:B1	label_permutation	0.9864301402320091	0.8356164383561644	72	56	all	0.9978558469404585
ENSG00000105063.19:B1	label_permutation	0.9005881724585033	0.4358974358974359	38	105	all	0.8049242424242424
ENSG00000106049.9:B1	label_permutation	0.194302205231517	0.13865546218487396	237	3	all	0.48194370685077004
ENSG00000107581.13:B1	label_permutation	0.076042703317376	0.08780487804878048	204	24	all	0.3872526461113668
ENSG00000108960.9:B1	label_permutation	0.8688475049339234	0.5714285714285714	48	22	all	0.875338753387534
ENSG00000111832.13:B1	label_permutation	0.9999885597056878	0.89375	159	16	all	1.0
ENSG00000113318.10:B1	label_permutation	0.9990483564909992	0.9026548672566371	112	38	all	1.0
ENSG00000114853.14:B1	label_permutation	0.6130756764190526	0.33783783783783783	221	18	all	0.727497789566755
ENSG00000120251.20:B1	label_permutation	2.015971279448926e-32	0.009708737864077669	102	100	all	0.24323621227887615
ENSG00000122034.15:B1	label_permutation	0.9994336118716346	0.6938775510204082	48	64	all	0.9526806317240551
ENSG00000124160.12:B1	label_permutation	0.7146031499023838	0.4878048780487805	40	11	all	0.8217974071632608
ENSG00000125835.18:B3	label_permutation	0.2202185466932169	0.08417508417508418	296	4	all	0.3730033350886432
ENSG00000128039.11:B1	label_permutation	0.9915023525766486	0.7904761904761904	104	28	all	0.9891992610020686
ENSG00000130032.16:B1	label_permutation	0.8392546468058023	0.3673469387755102	48	64	all	0.7537789721195834
ENSG00000132639.12:B1	label_permutation	1.0807306367547871e-18	0.018518518518518517	53	50	all	0.24554861074636272
ENSG00000134030.14:B1	label_permutation	2.6728520401087452e-09	0.04	24	138	all	0.26051825020897185
ENSG00000135148.12:B1	label_permutation	0.9805231483627704	0.7125	159	16	all	0.9530579399141631
ENSG00000136925.15:B1	label_permutation	0.3198096597692131	0.1576923076923077	259	1	all	0.5137362637362637
ENSG00000138036.18:B1	label_permutation	0.6237963711231762	0.49230769230769234	64	32	all	0.8230633802816901
ENSG00000141741.12:B1	label_permutation	0.9825041421372324	0.6767676767676768	296	4	all	0.939743467024026
ENSG00000148814.18:B1	label_permutation	0.5014995170944015	0.2465753424657534	72	56	all	0.623489205634742
ENSG00000151012.13:B1	label_permutation	0.6040202883132957	0.3038461538461538	259	1	all	0.6764194139194138
ENSG00000152256.13:B1	label_permutation	0.1932254337865135	0.1836734693877551	48	64	all	0.5498767783129831
ENSG00000154079.6:B1	label_permutation	0.7777006184490389	0.5462184873949579	237	3	all	0.8600610920198548
ENSG00000162236.11:B1	label_permutation	0.6092460831464175	0.02702702702702703	36	35	all	0.25188577586206895
ENSG00000163046.15:B1	label_permutation	0.7458645769214094	0.3588516746411483	208	12	all	0.7450600333817907
ENSG00000163749.17:B1	label_permutation	0.951598870888764	0.8349514563106796	102	15	all	0.9978558469404585
ENSG00000165113.13:B1	label_permutation	0.999429625365812	0.9014084507042254	70	39	all	1.0
ENSG00000165985.10:B1	label_permutation	0.5736997784919906	0.40828402366863903	168	5	all	0.7902892561983471
ENSG00000166848.6:B1	label_permutation	0.0001548007152228	0.00975609756097561	204	24	all	0.24323621227887615
ENSG00000167771.6:B1	label_permutation	0.8423978689335887	0.5311355311355311	272	6	all	0.8518211348400028
ENSG00000168781.22:B1	label_permutation	0.5020958046702216	0.47058823529411764	16	133	all	0.8177008177008177
ENSG00000171055.15:B1	label_permutation	0.6541717828016698	0.36	24	114	all	0.7450600333817907
ENSG00000178149.17:B1	label_permutation	0.9997258740667148	0.7676767676767676	296	4	all	0.9804546208727394
ENSG00000179954.16:B1	label_permutation	0.1259049891125453	0.11219512195121951	204	24	all	0.4247062308679767
ENSG00000182134.16:B1	label_permutation	0.9530033155496976	0.6099585062240664	240	20	all	0.9009655660655642
ENSG00000183354.12:B1	label_permutation	0.0026756165951422	0.04854368932038835	102	100	all	0.2981029810298103
ENSG00000184786.6:B1	label_permutation	0.9980705209868228	0.8346153846153846	259	1	all	0.9978558469404585
ENSG00000187624.9:B1	label_permutation	0.9965890557066795	0.8111888111888111	142	40	all	0.9914529914529915
ENSG00000189045.13:B1	label_permutation	0.9939417039630428	0.8025210084033614	237	3	all	0.9891992610020686
ENSG00000196569.12:B1	label_permutation	0.8599494209429879	0.6097560975609756	204	24	all	0.9009655660655642
ENSG00000198467.14:B1	label_permutation	5.4093772711801836e-33	0.015384615384615385	64	52	all	0.24323621227887615
ENSG00000203668.2:B1	label_permutation	0.3797617027943988	0.19230769230769232	155	36	all	0.5549620132953467
ENSG00000213639.10:B1	label_permutation	0.0164856055816437	0.17037037037037037	134	60	all	0.53034600113443
ENSG00000226926.7:B1	label_permutation	1.0	1.0	272	6	all	1.0
ENSG00000242265.5:B1	label_permutation	8.037797949259304e-08	0.03496503496503497	142	40	all	0.26051825020897185
ENSG00000248863.2:B1	label_permutation	0.3144379453028424	0.12595419847328243	261	2	all	0.45469951958501575
ENSG00000254266.5:B1	label_permutation	0.7283835577981168	0.3602693602693603	296	4	all	0.7450600333817907
ENSG00000267127.7:B1	label_permutation	0.9649480522386688	0.8446601941747572	102	15	all	0.9978558469404585
ENSG00000276023.5:B1	label_permutation	0.5157453282879876	0.25572519083969464	261	2	all	0.6376081424936386
