test_id	batched_null_converged	batched_alternative_converged	scalar_null_converged	scalar_alternative_converged	batched_null_objective	scalar_null_objective	batched_alternative_objective	scalar_alternative_objective	batched_statistic	scalar_statistic	absolute_statistic_difference	batched_null_gradient_norm	batched_alternative_gradient_norm	batched_null_mode_score_norm	batched_alternative_mode_score_norm	batched_null_iterations	batched_alternative_iterations	batched_null_line_search_evaluations	batched_alternative_line_search_evaluations	scalar_null_iterations	scalar_alternative_iterations
ENSMUSG00000031166.14:B3	True	True	True	True	2075.6039024548722	2075.603902453296	2075.603322533457	2075.6033225314322	0.001159842830929847	0.001159843727691623	8.967617759481072e-10	9.861129933027666e-06	8.151508900744963e-06	6.8833827526759706e-15	5.898059818321144e-15	33	4	33	4	33	4
ENSMUSG00000041907.10:B1	True	True	True	True	3604.9164648816354	3604.9073121359543	3602.3119295257447	3602.2957455138653	5.209070711781351	5.223133244177916	0.014062532396565075	8.480117414226796e-06	9.151393097405026e-06	5.551115123125783e-17	8.049116928532385e-16	35	15	40	17	35	16
ENSMUSG00000027087.12:B1	True	True	True	True	1650.4077350390553	1650.4076136267252	1646.3542147303294	1646.3542460222534	8.10704061745173	8.106735208943519	0.00030540850821125787	4.749020755522134e-06	3.064498556155798e-06	6.5503158452884236e-15	5.773159728050814e-15	28	21	30	22	29	19
ENSMUSG00000035614.12:B1	True	True	True	True	1848.8388919923073	1848.838812285495	1847.500792918632	1847.500489597208	2.676198147350533	2.6766453765740152	0.00044722922348228167	6.70678794646466e-06	6.359997177491489e-06	5.551115123125783e-17	3.552713678800501e-15	40	37	44	40	37	38
ENSMUSG00000026239.15:B1	True	True	True	True	1174.559223263375	1174.5558332103737	1169.9813690472565	1169.9800483138226	9.155708432237134	9.151569793102226	0.004138639134907862	6.978131350051422e-06	5.886421041301561e-06	1.6653345369377348e-15	1.9984014443252818e-15	52	26	60	27	52	25
ENSMUSG00000016624.16:B1	False	False	False	False	2468.4422849771677	2331.3981765016288	2468.442284977169	2330.012517517527	0.0	2.7713179682032205	2.7713179682032205	62.7451740234231	223.49057783792864	1.9990543282814692	1.9990543282813953	42	0	158	30	17	5
ENSMUSG00000024099.16:B1	True	True	True	True	1528.626491177633	1528.6283414482975	1527.8465817810504	1527.848221618146	1.55981879316505	1.5602396603030684	0.00042086713801836595	9.631635433009445e-06	6.147950844974305e-06	1.9984014443252818e-15	1.1379786002407855e-15	46	14	50	17	43	12
ENSMUSG00000027466.16:B1	False	False	False	False	1830.9201049788164	1776.5275230729637	1830.441523290672	1775.4963781506453	0.9571633762889178	2.06228984463678	1.105126468347862	219.698840513837	1511.8951458212207	0.6540175765384414	0.6540178508048138	34	1	206	60	23	2
ENSMUSG00000019998.7:B1	True	True	True	True	1689.0712804376803	1689.0712767287473	1684.0864033120092	1684.0950335635766	9.969754251342238	9.952486330341344	0.017267921000893693	6.299875284279438e-06	8.545677450016745e-06	1.1102230246251565e-16	1.9984014443252818e-15	37	40	40	43	36	39
ENSMUSG00000060227.16:B3	True	True	True	False	1632.4864924754193	1632.4907445365295	1630.3745358028552	1630.369452501075	4.2239133451280395	4.242584070908833	0.018670725780793873	7.052724110109774e-06	9.996705991295566e-06	8.881784197001252e-16	2.4424906541753444e-15	69	71	75	76	66	124
ENSMUSG00000060227.16:B1	True	True	True	False	1632.310110056941	1632.3114282122472	1630.3745358028552	1630.369452501075	3.8711485081717	3.8839514223441256	0.012802914172425517	9.889206792197686e-06	9.996705991295566e-06	4.440892098500626e-16	2.4424906541753444e-15	101	71	106	76	118	124
ENSMUSG00000024976.15:B1	True	True	True	True	1713.2407061945771	1713.2402935313835	1711.384672977933	1711.384544664601	3.712066433288328	3.711497733565011	0.0005686997233169677	8.676659271652249e-06	8.106129987842142e-06	2.220446049250313e-16	2.661065812148422e-15	40	35	41	35	42	32
ENSMUSG00000059119.10:B1	True	True	True	True	1721.0723105348586	1721.0723105344173	1719.7274791833693	1719.7274690972943	2.689662702978694	2.6896828742460457	2.0171267351543065e-05	9.452148303951944e-06	6.72671550669487e-06	1.0658141036401503e-14	8.215650382226158e-15	52	34	52	37	52	34
ENSMUSG00000063663.12:B1	True	True	True	True	1470.6994419311388	1470.6984726462902	1469.3602947346844	1469.3497122012072	2.6782943929088106	2.6975208901658334	0.019226497257022857	9.787531496688384e-06	4.067904677859317e-06	3.9968028886505635e-15	7.327471962526033e-15	68	38	73	40	63	36
ENSMUSG00000035469.18:B1	True	True	True	True	1544.5808459227444	1544.5807408098349	1543.8628711404617	1543.861722162428	1.4359495645653624	1.4380372948139666	0.0020877302486042026	8.471736462917015e-06	8.313591278432237e-06	2.220446049250313e-16	1.3322676295501878e-15	59	45	64	47	59	46
ENSMUSG00000036257.16:B2	True	True	True	True	2034.545056222947	2034.5456414951248	2034.5450269946257	2034.5456414951245	5.845664281878271e-05	4.547473508864641e-13	5.845664236403536e-05	9.154899731466133e-06	4.6827632846560335e-06	4.440892098500626e-16	3.552713678800501e-15	43	2	47	2	41	0
ENSMUSG00000007476.19:B1	True	True	False	True	3046.2423216981306	3121.0254190426726	3044.410314220144	3050.6223719680966	3.664014955973471	140.80609414915216	137.1420791931787	8.118517915419062e-06	4.043732373563539e-06	2.453592884421596e-14	3.197442310920451e-14	28	9	30	10	4	37
ENSMUSG00000024867.15:B1	True	True	True	True	3512.2979748399603	3512.297882249613	3510.636621689816	3510.63660742189	3.3227063002887007	3.3225496554459824	0.00015664484271837864	8.814307413640714e-06	8.148205602020473e-06	2.220446049250313e-16	1.1102230246251565e-15	19	14	21	15	19	14
ENSMUSG00000037503.13:B2	True	True	True	True	1616.6426635245502	1616.6426990317925	1616.6426635245502	1616.6425472933286	0.0	0.00030347692791110603	0.00030347692791110603	5.065807202107336e-06	8.338362201576054e-06	8.881784197001252e-16	1.9984014443252818e-15	43	0	58	0	44	2
ENSMUSG00000027698.15:B1	True	True	True	True	2467.0110193006067	2467.030008639347	2467.0094410105116	2467.030008639347	0.003156580190079694	0.0	0.003156580190079694	8.90891431407387e-06	9.607055664930691e-06	1.1102230246251565e-16	9.020562075079397e-16	40	2	47	2	35	0
ENSMUSG00000031708.18:B2	True	True	True	True	1454.3113185799375	1454.3113163358116	1450.0107542744709	1450.0109868979553	8.601128610933301	8.600658875712725	0.0004697352205766947	4.027906203806407e-06	9.410030661624506e-06	1.1546319456101628e-14	4.440892098500626e-15	22	30	25	31	24	25
ENSMUSG00000070304.13:B1	True	True	True	True	2211.0345621130596	2211.046009768879	2210.4458682471563	2210.4400917210655	1.1773877318064478	1.211836095626495	0.034448363820047234	8.998329633874686e-06	9.798657190405589e-06	9.769962616701378e-15	5.995204332975845e-15	49	21	51	24	36	47
ENSMUSG00000027642.16:B1	True	True	True	True	2186.6482426937705	2186.648316447404	2182.3488008967656	2182.3487106314487	8.598883594009749	8.599211631910293	0.0003280379005445866	6.8925519146549485e-06	8.735072901576962e-06	4.6629367034256575e-15	1.865174681370263e-14	35	58	39	61	34	53
ENSMUSG00000048756.12:B2	True	True	True	True	1485.3185508498152	1485.3195741600155	1483.8848408379968	1483.885622995722	2.867420023636896	2.8679023285867515	0.000482304949855461	2.7902526273634614e-06	9.94941897087629e-06	1.1379786002407855e-15	6.661338147750939e-16	44	28	50	29	43	28
ENSMUSG00000024500.21:B2	True	True	True	True	1724.406491358708	1724.406495304837	1723.3380627407632	1723.3376435648713	2.1368572358896927	2.137703479931588	0.000846244041895261	6.733921319449316e-06	9.728392652212184e-06	2.220446049250313e-16	3.774758283725532e-15	23	22	24	23	23	28
ENSMUSG00000055371.18:B1	True	True	True	True	1513.4139773339973	1513.4140355914665	1511.2735597207532	1511.2764006159598	4.280835226488307	4.2752699510133425	0.005565275474964437	9.274822779076666e-06	3.6899018643933507e-06	1.7763568394002505e-15	1.3322676295501878e-15	42	68	45	77	42	57
ENSMUSG00000034891.14:B1	True	True	True	True	3621.0333407854996	3621.033534043501	3615.852989144534	3615.8530208675006	10.36070328193091	10.361026352000408	0.0003230700694984989	4.704396429414329e-06	7.734196070041693e-06	5.906386491005833e-14	2.9531932455029164e-14	39	37	39	41	37	36
ENSMUSG00000045349.16:B1	False	False	False	False	4621.26738335541	4621.45744474158	4621.267383353727	4621.457444741566	3.3651303965598345e-09	2.7284841053187847e-11	3.3378455555066466e-09	1782.7125005816358	1827.0731421592905	6.576882442854703e-05	6.576882445052945e-05	9	0	124	30	6	1
ENSMUSG00000026553.18:B1	True	True	True	True	2662.9431879563285	2662.9432953237606	2657.9334820905506	2657.933218638653	10.01941173155592	10.020153370214757	0.0007416386588374735	9.353576774478762e-06	9.996300410052481e-06	2.2648549702353193e-14	1.354472090042691e-14	76	60	78	61	80	62
ENSMUSG00000035024.17:B2	True	True	True	True	2551.798835469067	2551.798865465339	2551.605655869298	2551.6058586050517	0.38635919953776465	0.3860137205747378	0.0003454789630268351	4.657671079930655e-06	5.912846493889223e-06	1.532107773982716e-14	8.659739592076221e-15	33	13	35	14	29	10
ENSMUSG00000116894.2:B1	True	True	True	True	1823.2340499097538	1823.2306246930664	1823.2340499180054	1823.2306247017477	0.0	0.0	0.0	5.396407909377907e-06	8.133703888904232e-06	4.336808689942018e-19	6.776263578034403e-21	12	0	12	0	14	0
ENSMUSG00000036622.16:B1	True	True	True	True	3144.032308862826	3144.030971131707	3142.3021206713315	3142.2775956069513	3.460376382989125	3.5067510495109673	0.0463746665218423	7.963696932092559e-06	9.229270991835035e-06	3.68594044175552e-14	2.886579864025407e-14	75	62	77	68	85	55
